Subject No,Age,Sex,Domicile,Domicile_Category,ES1,ES2,ES3,ES4,ES5,ES6,ES7,IP1,IP2,IP3,IP4,IP5,IP6,IP7,IP8,IP9,IP10,IP11,IP12,IP13,BP1,BP2,BP3,BP4,BP5,BP6
1,21,Female,Banten,Java Island,4,3,3,3,3,3,3,4,3,3,2,3,3,3,3,3,2,2,2,2,2,3,2,2,2,2
3,20,Female,Jakarta,Java Island,4,4,4,4,3,4,4,3,4,2,3,3,4,3,3,3,2,3,3,2,1,2,2,3,1,2
4,33,Female,Banten,Java Island,5,5,5,5,5,5,5,3,5,2,4,5,5,3,5,3,5,2,4,2,1,2,3,3,2,1
5,34,Female,Jakarta,Java Island,5,5,5,5,5,5,5,3,5,1,5,4,4,3,5,3,4,5,5,3,4,3,1,5,1,1
6,38,Female,Banten,Java Island,5,5,5,5,5,3,5,3,1,2,2,5,2,3,2,1,1,5,3,1,1,1,3,3,1,1
8,27,Male,Jakarta,Java Island,3,3,3,4,3,3,2,4,3,4,4,2,2,2,2,2,1,1,1,1,1,1,3,3,4,3
10,21,Female,Jakarta,Java Island,5,5,5,5,4,4,3,1,5,3,2,4,2,2,2,3,1,1,3,1,1,1,1,3,1,1
13,19,Female,Jakarta,Java Island,4,4,5,5,5,4,3,3,5,5,1,1,3,3,3,1,1,3,3,1,1,1,1,3,1,1
17,21,Female,Jakarta,Java Island,3,3,3,3,3,3,3,3,4,1,1,3,1,1,1,1,1,4,3,1,1,1,1,2,1,1
18,21,Female,Jakarta,Java Island,4,3,4,4,3,4,3,4,2,2,3,2,2,2,3,1,2,3,4,2,2,2,1,3,1,3
23,22,Female,Banten,Java Island,4,5,4,5,3,4,5,4,5,4,3,4,4,2,2,5,4,4,4,2,1,3,1,5,2,2
25,20,Female,Banten,Java Island,5,4,4,4,4,4,3,3,5,3,2,3,2,1,1,1,1,3,3,1,1,1,1,1,1,1
28,23,Female,Jakarta,Java Island,5,4,5,5,3,5,3,3,5,3,4,3,2,2,2,5,2,3,4,3,3,1,3,5,3,3
29,27,Female,Banten,Java Island,4,2,1,4,1,3,4,1,2,1,1,1,1,1,1,1,1,1,1,1,1,1,1,1,1,1
31,21,Female,Banten,Java Island,5,5,5,5,5,5,5,5,5,1,4,5,5,3,3,4,4,1,5,3,3,1,1,5,1,1
33,21,Female,Jakarta,Java Island,4,4,4,4,4,3,3,2,4,4,2,4,3,3,3,3,3,4,3,3,2,2,2,3,2,2
37,26,Female,Jakarta,Java Island,4,4,4,4,4,3,4,3,4,2,2,3,3,4,3,3,2,4,2,2,2,1,2,2,1,2
38,22,Male,Banten,Java Island,3,3,3,3,3,3,3,4,3,3,3,3,3,3,3,3,3,3,3,3,3,3,3,3,3,3
39,21,Female,Jakarta,Java Island,5,5,5,5,5,5,4,2,4,4,1,5,5,5,5,1,2,2,5,1,1,1,1,2,1,1
44,19,Male,Jakarta,Java Island,2,1,1,1,1,1,5,5,4,2,3,3,3,1,1,1,3,5,4,3,4,5,1,1,4,3
45,20,Female,Jakarta,Java Island,3,3,3,3,3,3,2,3,3,3,2,4,3,2,2,3,2,3,3,1,1,1,2,2,1,1
46,21,Female,Jakarta,Java Island,4,2,3,3,2,3,1,2,2,2,2,3,1,1,1,1,1,3,1,1,1,1,1,1,1,1
48,21,Female,Jakarta,Java Island,4,4,4,4,4,4,4,4,4,3,2,2,3,3,3,4,4,4,4,4,4,4,3,4,4,4
49,19,Female,Jakarta,Java Island,5,3,5,5,3,4,5,3,4,2,2,3,2,2,2,2,2,4,3,2,1,1,1,3,1,1
50,21,Female,Jakarta,Java Island,5,5,5,5,5,5,5,4,5,1,5,5,3,2,5,3,3,2,5,3,2,1,1,5,3,5
51,21,Female,Jakarta,Java Island,5,5,4,5,5,5,5,2,4,3,2,4,2,1,4,1,1,1,5,1,1,2,1,4,2,2
54,27,Female,Jakarta,Java Island,4,4,4,4,4,4,4,3,5,2,3,3,2,3,4,3,2,4,4,1,1,1,2,3,1,3
58,21,Female,Banten,Java Island,5,5,5,5,5,5,5,4,5,3,5,5,5,4,5,5,4,5,5,5,3,4,3,5,3,3
60,21,Female,Jakarta,Java Island,5,5,5,5,4,4,4,1,5,3,2,4,1,2,2,1,1,4,3,1,1,1,1,4,1,1
63,21,Female,Jakarta,Java Island,4,4,4,4,4,4,4,2,2,4,4,4,2,2,2,2,2,4,4,2,1,2,2,2,3,2
67,26,Female,Jakarta,Java Island,3,3,4,4,3,3,3,3,4,3,3,2,2,2,2,1,2,3,3,1,1,1,1,1,1,1
69,21,Female,Banten,Java Island,3,5,3,5,5,2,3,5,5,5,5,5,5,5,5,5,2,2,4,2,1,4,1,5,1,1
71,19,Female,Jakarta,Java Island,4,3,3,3,3,3,3,3,4,4,3,3,3,4,3,1,4,3,4,1,2,2,3,3,2,2
72,23,Male,Jakarta,Java Island,4,3,4,4,3,4,3,2,4,3,2,3,3,3,3,2,1,3,3,1,2,2,2,3,1,1
73,22,Female,Jakarta,Java Island,5,5,5,5,4,4,4,4,5,4,3,4,3,2,3,3,3,3,4,3,2,3,2,3,3,2
74,22,Female,Jakarta,Java Island,5,5,5,5,5,5,4,4,5,3,3,4,3,3,5,3,2,2,4,3,1,3,1,1,1,1
76,22,Female,Jakarta,Java Island,4,3,4,5,3,3,5,3,2,4,2,3,3,2,1,4,1,4,2,2,1,3,2,3,1,1
79,19,Female,Jakarta,Java Island,4,4,4,4,4,4,4,3,4,4,2,3,4,2,4,2,2,2,4,2,2,2,1,3,2,1
80,22,Female,Jakarta,Java Island,4,3,4,4,4,4,4,2,4,2,5,2,2,2,2,2,3,1,4,2,2,1,1,3,2,1
81,22,Female,Banten,Java Island,4,4,4,4,4,4,4,3,5,2,2,3,3,3,2,2,2,2,4,1,2,1,1,2,1,1
82,22,Female,Banten,Java Island,1,3,2,3,2,3,3,3,5,2,3,5,1,1,3,3,3,1,3,3,1,1,1,3,1,1
83,25,Female,Jakarta,Java Island,3,3,3,4,3,3,4,3,4,3,2,4,2,2,2,1,1,3,2,1,1,2,2,3,2,2
84,21,Female,Jakarta,Java Island,5,5,5,5,2,5,2,1,5,3,4,5,4,4,4,2,3,5,5,1,2,1,1,5,4,1
85,22,Female,Jakarta,Java Island,4,4,5,4,3,4,4,2,5,3,2,3,3,3,3,2,3,2,3,3,1,3,1,3,1,1
87,22,Female,Jakarta,Java Island,4,4,4,4,3,2,4,2,4,2,1,3,1,1,1,1,1,1,1,1,1,1,1,2,1,1
88,19,Female,Banten,Java Island,5,5,5,5,5,5,4,1,5,2,3,4,4,3,3,2,2,3,4,2,1,2,1,2,3,1
89,22,Female,Jakarta,Java Island,5,4,4,5,4,4,3,4,5,3,3,4,4,4,4,2,2,2,5,1,1,2,1,2,1,1
91,19,Female,Banten,Java Island,5,5,5,5,4,5,5,3,4,5,3,3,4,3,5,2,4,3,5,3,2,3,1,2,2,2
92,21,Female,Jakarta,Java Island,3,4,4,4,4,4,3,4,5,3,3,5,3,1,3,3,1,4,4,1,1,3,1,4,3,3
94,24,Female,Jakarta,Java Island,5,5,5,4,4,4,4,3,4,3,4,4,3,3,3,3,3,5,5,2,3,4,1,2,2,3
97,21,Female,Banten,Java Island,5,5,3,3,2,5,4,5,4,5,5,4,1,1,3,3,1,4,1,3,1,2,2,3,1,1
99,22,Male,Banten,Java Island,5,5,5,4,4,5,4,3,4,4,3,4,3,3,4,3,1,4,3,3,3,4,1,3,1,1
100,22,Female,Jakarta,Java Island,4,4,4,4,4,4,4,3,5,4,4,3,4,4,3,2,1,2,4,1,1,4,1,1,1,1
102,33,Female,Jakarta,Java Island,4,4,4,4,4,3,3,2,4,3,1,4,3,3,3,3,3,3,3,3,1,1,1,1,3,1
105,31,Female,Jakarta,Java Island,4,4,4,4,3,4,4,4,4,3,3,2,3,2,3,1,2,3,3,1,1,1,1,2,2,1
108,24,Female,Banten,Java Island,5,4,4,4,4,4,3,4,5,5,1,3,1,1,5,1,1,4,5,1,1,1,1,1,1,1
110,22,Female,Jakarta,Java Island,5,5,5,5,4,4,5,3,5,4,5,5,4,4,4,4,3,2,4,3,3,2,1,4,4,3
111,22,Female,Banten,Java Island,4,5,5,5,5,4,4,3,5,3,4,5,1,1,4,3,2,4,3,2,1,1,1,5,1,1
112,19,Female,Banten,Java Island,5,4,5,5,5,5,4,3,5,4,3,4,2,2,3,2,3,4,3,2,1,3,1,3,1,1
113,20,Female,Jakarta,Java Island,5,4,5,5,3,4,4,3,5,3,2,4,2,3,3,3,2,3,3,3,2,3,1,1,1,1
115,24,Female,Banten,Java Island,1,2,2,2,2,3,2,2,2,2,2,4,4,1,1,2,3,4,2,1,1,3,1,1,1,1
116,21,Female,Jakarta,Java Island,5,2,5,3,4,3,5,1,2,1,1,2,2,1,1,2,1,2,1,1,1,1,1,1,1,1
119,20,Female,Jakarta,Java Island,4,3,4,4,3,4,4,3,4,4,2,2,2,1,2,2,1,2,2,1,1,1,1,1,1,1
124,23,Male,Jakarta,Java Island,3,3,3,3,3,3,3,3,3,3,3,3,3,3,3,3,3,3,3,3,3,3,3,3,3,3
127,20,Female,Jakarta,Java Island,4,4,4,4,3,4,4,3,4,2,3,3,4,3,3,3,2,3,3,2,1,2,2,3,1,2
128,20,Female,Jakarta,Java Island,3,4,3,4,3,3,2,2,5,2,2,4,3,3,2,2,3,2,3,2,1,2,2,3,1,1
129,21,Female,Jakarta,Java Island,5,5,5,5,5,5,5,4,5,3,5,5,5,3,5,5,1,3,5,3,1,2,1,3,1,3
131,21,Female,Jakarta,Java Island,3,3,2,4,2,2,3,3,5,4,3,3,2,2,2,2,1,4,2,2,1,1,2,2,1,1
132,19,Female,Banten,Java Island,5,5,5,5,5,5,5,4,1,1,1,1,2,2,2,1,1,1,1,1,1,1,1,3,1,1
135,22,Female,Jakarta,Java Island,5,5,5,5,5,5,5,5,5,4,3,3,1,3,5,3,1,3,5,1,1,1,3,3,1,1
138,21,Female,Jakarta,Java Island,5,5,5,5,4,4,5,5,5,2,4,4,3,3,4,4,1,4,4,1,1,1,4,4,3,4
139,21,Female,Jakarta,Java Island,4,4,5,5,4,4,4,3,5,4,2,4,3,3,3,2,2,5,4,2,1,3,1,4,1,1
141,30,Female,Jakarta,Java Island,5,5,5,5,5,5,5,5,5,4,5,5,4,4,4,5,4,2,3,2,2,2,2,3,1,2
142,18,Female,Jakarta,Java Island,2,5,4,5,5,3,1,4,5,4,2,5,1,1,5,2,1,4,4,3,1,2,3,3,1,1
143,22,Female,Jakarta,Java Island,4,4,4,5,4,4,4,3,4,4,3,4,4,5,4,3,2,2,4,2,1,1,3,3,2,2
145,21,Female,Banten,Java Island,3,4,3,4,4,4,2,2,3,1,1,4,2,1,2,1,1,2,3,1,1,1,1,1,1,1
147,25,Female,Jakarta,Java Island,5,4,5,5,3,3,3,3,5,3,3,3,3,1,3,1,1,1,1,1,1,1,5,3,1,3
148,21,Female,Jakarta,Java Island,5,4,5,5,4,4,4,2,4,1,4,4,2,4,4,1,4,1,3,1,1,1,1,3,1,1
150,19,Female,Jakarta,Java Island,5,5,5,5,4,5,5,5,5,4,4,5,4,3,2,2,2,2,5,1,1,3,1,4,1,1
151,22,Female,Jakarta,Java Island,5,5,5,5,5,5,5,5,5,5,1,5,5,5,5,5,3,5,5,5,1,4,4,5,1,1
154,20,Female,Banten,Java Island,4,3,4,3,2,2,3,1,4,3,2,3,3,2,2,2,2,1,3,2,1,1,1,1,1,1
155,22,Female,Jakarta,Java Island,5,5,5,5,5,5,5,4,5,4,5,4,4,4,5,3,4,5,5,3,1,2,1,5,2,3
156,19,Female,Jakarta,Java Island,1,1,2,1,2,2,1,1,1,3,5,3,2,2,3,3,3,4,2,5,4,3,5,3,3,5
158,20,Female,Banten,Java Island,5,5,5,5,5,5,5,5,5,5,5,5,5,5,5,5,5,5,5,5,5,1,1,5,1,1
163,20,Female,Jakarta,Java Island,5,5,5,5,5,5,5,4,5,5,3,5,4,4,5,3,1,3,3,1,1,1,2,3,2,2
168,23,Male,Jakarta,Java Island,3,2,3,2,2,2,2,2,3,3,3,3,3,3,3,3,3,3,3,3,2,2,2,2,2,2
170,18,Male,Jakarta,Java Island,4,4,5,5,5,4,5,3,4,4,3,4,2,3,5,2,1,3,4,1,1,2,1,2,1,1
172,19,Female,Jakarta,Java Island,5,3,5,5,4,4,3,5,4,4,3,2,3,1,3,2,1,1,1,1,1,1,2,1,1,1
183,23,Female,Banten,Java Island,4,3,4,4,3,3,4,3,4,4,3,4,3,4,4,1,2,4,4,2,2,1,1,3,1,1
184,22,Female,Jakarta,Java Island,5,5,4,5,5,5,4,3,5,4,5,4,4,1,2,1,1,2,2,1,1,1,1,4,1,1
187,22,Female,Jakarta,Java Island,5,5,5,5,5,5,5,4,5,4,5,4,4,4,5,3,4,5,5,3,1,2,1,5,2,3
188,30,Female,Jakarta,Java Island,3,4,3,4,4,3,3,2,3,1,2,4,2,2,2,1,3,3,2,2,1,1,1,2,1,1
189,30,Female,Jakarta,Java Island,4,2,4,3,4,3,4,2,4,2,2,2,2,2,2,2,2,4,2,2,2,2,1,2,1,1
190,31,Female,Jakarta,Java Island,3,3,4,4,4,3,3,3,5,2,2,3,2,1,1,1,1,3,3,2,1,2,1,2,1,1
191,28,Female,Jakarta,Java Island,5,4,5,5,4,4,4,3,2,1,2,3,1,1,2,1,2,4,3,2,1,1,1,3,1,1
193,21,Female,Jakarta,Java Island,4,5,5,5,5,4,5,4,5,5,5,5,5,5,5,5,2,4,4,2,2,1,1,3,3,4
194,21,Female,Jakarta,Java Island,4,4,4,3,4,3,4,3,2,2,3,3,2,3,2,2,2,2,2,2,3,2,3,2,2,3
195,23,Male,Jakarta,Java Island,1,3,3,3,3,3,3,1,1,1,1,1,1,3,1,1,1,3,1,1,3,3,3,1,1,1
196,30,Female,Jakarta,Java Island,4,3,4,4,3,2,3,2,4,3,2,2,1,2,2,1,1,4,2,3,1,1,2,2,1,1
197,22,Female,Jakarta,Java Island,5,5,5,5,5,5,5,4,5,4,5,5,3,1,3,5,1,4,5,3,3,4,1,3,2,1
199,28,Female,Jakarta,Java Island,3,2,3,4,3,3,2,4,4,3,2,3,2,2,2,2,3,3,2,1,1,2,1,2,1,1
206,21,Female,Jakarta,Java Island,4,4,4,4,4,4,3,3,4,3,3,4,3,4,4,3,4,2,3,2,1,1,1,1,1,1
208,18,Female,Jakarta,Java Island,5,4,5,5,4,5,4,3,4,1,4,3,3,3,4,1,1,3,2,1,1,1,1,2,1,1
209,20,Female,Jakarta,Java Island,5,5,5,5,5,5,5,3,4,3,2,5,2,2,5,3,2,2,3,2,2,1,1,3,1,1
214,18,Female,Jakarta,Java Island,4,4,4,4,4,3,3,1,3,3,4,3,1,1,1,4,1,3,2,1,1,5,3,3,1,1
218,25,Female,Jakarta,Java Island,5,4,5,5,3,4,4,2,5,2,2,4,2,2,2,1,1,2,2,1,1,1,1,2,1,1
226,18,Female,Jakarta,Java Island,2,2,2,2,2,2,3,4,3,2,4,2,3,3,3,5,2,4,2,5,4,4,5,4,4,5
227,21,Female,Banten,Java Island,4,4,4,4,3,3,2,5,3,2,2,2,2,2,2,1,2,1,4,2,1,1,1,1,1,1
228,18,Female,Jakarta,Java Island,5,5,5,4,4,5,5,4,5,3,3,4,3,3,4,1,2,3,5,1,1,1,1,3,1,1
231,21,Female,Jakarta,Java Island,5,5,5,5,5,5,5,3,4,3,3,4,3,4,4,2,2,2,4,1,3,1,1,3,1,1
233,22,Female,Banten,Java Island,4,4,4,4,4,4,4,2,4,2,2,4,3,3,3,2,4,1,3,2,2,2,1,3,1,1
234,21,Female,Banten,Java Island,5,4,4,4,4,4,4,3,3,3,3,4,3,2,4,3,2,2,4,1,1,1,1,2,1,1
236,19,Female,Jakarta,Java Island,4,4,4,4,4,5,5,2,5,3,3,4,4,3,4,3,3,2,4,2,1,2,1,3,2,1
238,20,Female,Jakarta,Java Island,4,4,4,5,4,4,4,3,5,3,4,3,3,3,3,2,4,2,4,2,2,1,2,3,1,1
239,18,Female,Jakarta,Java Island,5,4,4,4,4,4,4,1,4,1,2,2,2,2,2,1,1,1,4,1,1,1,2,4,1,1
242,23,Female,Jakarta,Java Island,5,3,5,3,2,4,5,2,4,3,2,3,3,3,3,3,3,2,4,1,1,2,2,2,2,2
243,21,Female,Jakarta,Java Island,2,5,5,4,5,4,2,1,5,4,1,4,4,5,4,2,2,1,5,2,1,1,1,4,1,1
246,23,Female,Banten,Java Island,4,4,4,4,4,4,4,3,5,2,1,5,1,1,1,1,1,1,3,1,1,1,2,3,1,1
248,22,Female,Jakarta,Java Island,4,3,4,5,4,2,4,3,5,1,2,1,1,1,2,1,1,1,3,1,1,2,1,1,1,1
252,20,Female,Jakarta,Java Island,4,3,4,3,2,3,2,3,4,4,2,4,2,2,2,3,1,3,2,1,1,1,4,1,2,2
253,19,Female,Banten,Java Island,4,4,4,5,4,4,4,2,5,3,2,4,5,4,4,3,4,4,5,1,1,1,1,2,1,1
261,18,Male,Jakarta,Java Island,4,4,4,4,3,4,4,3,3,3,3,3,3,3,3,2,2,2,3,1,1,1,2,2,1,1
263,18,Female,Jakarta,Java Island,5,3,3,5,3,3,3,2,3,1,2,3,1,1,3,1,2,3,3,1,1,1,1,1,1,1
267,26,Female,Jakarta,Java Island,5,5,4,4,5,5,5,4,4,2,1,4,2,3,4,1,2,4,4,1,1,2,1,4,1,1
268,24,Female,Jakarta,Java Island,4,3,4,5,4,4,5,3,4,4,3,3,3,3,3,3,2,2,3,2,3,5,3,3,3,2
271,21,Female,Jakarta,Java Island,4,4,4,4,4,4,4,3,4,3,3,4,2,2,4,3,4,2,3,2,1,1,1,2,1,1
278,21,Female,Banten,Java Island,5,4,4,5,5,5,3,5,5,5,4,5,5,1,2,5,1,4,5,2,1,3,4,4,2,3
280,30,Female,Jakarta,Java Island,4,2,4,3,4,3,4,2,4,2,2,2,2,2,2,2,2,4,2,2,2,2,1,2,1,1
283,22,Female,Banten,Java Island,1,1,3,1,3,3,2,3,2,4,2,2,1,4,4,5,3,4,2,5,5,5,4,3,5,5
285,18,Female,Jakarta,Java Island,3,3,5,3,3,3,3,2,5,3,2,3,4,4,5,1,1,1,3,1,1,1,1,2,1,2
288,26,Female,Jakarta,Java Island,5,4,4,5,4,4,3,4,4,4,4,2,3,2,4,2,3,2,4,1,2,4,1,2,5,3
290,20,Female,Jakarta,Java Island,5,2,4,4,4,3,3,3,2,1,3,4,2,3,3,2,1,1,3,1,1,1,1,1,1,1
291,22,Female,Jakarta,Java Island,3,3,4,4,4,4,3,5,5,4,1,4,3,1,1,3,1,4,2,1,1,1,2,3,1,1
292,21,Female,Jakarta,Java Island,5,4,5,5,3,3,4,2,5,3,2,3,3,2,3,2,1,3,3,2,1,1,1,4,1,1
294,20,Female,Jakarta,Java Island,5,5,5,5,5,5,3,5,5,3,3,5,5,5,4,5,5,5,5,3,2,3,3,5,3,3
295,23,Female,Jakarta,Java Island,3,4,4,5,5,4,4,5,5,5,2,5,4,4,4,5,5,4,5,4,2,2,3,3,2,1
296,18,Female,Jakarta,Java Island,5,4,3,4,4,4,3,3,4,2,2,3,3,3,3,3,4,5,4,2,1,1,2,2,1,2
303,22,Female,Jakarta,Java Island,5,3,5,5,5,4,3,3,5,4,2,2,2,3,4,1,2,1,3,1,1,1,2,2,1,2
311,19,Female,Jakarta,Java Island,5,4,5,5,4,4,4,3,4,2,3,4,3,3,3,2,2,2,3,2,1,1,1,3,3,3
315,21,Female,Banten,Java Island,5,5,5,5,5,5,4,3,5,3,4,4,5,4,5,2,1,2,3,1,2,3,1,2,2,1
320,20,Female,Jakarta,Java Island,4,4,3,4,3,4,4,1,4,1,3,3,2,3,4,1,2,4,3,1,1,2,1,2,1,1
331,22,Female,Banten,Java Island,5,4,5,4,4,4,4,2,5,3,3,4,4,3,5,3,4,3,4,2,2,1,1,3,1,3
332,18,Female,Banten,Java Island,4,3,5,4,4,4,4,3,4,3,4,4,2,2,3,3,1,2,3,2,1,1,2,2,3,2
339,23,Female,Jakarta,Java Island,4,5,4,5,4,4,4,2,5,1,2,3,4,4,4,2,2,4,2,1,1,2,1,3,1,1
342,21,Female,Banten,Java Island,3,3,3,4,3,3,4,3,5,3,3,3,2,2,3,3,1,3,3,1,1,1,1,4,1,2
346,22,Female,Jakarta,Java Island,3,3,3,3,3,3,3,2,4,2,1,3,3,2,2,3,1,3,3,3,3,3,3,3,3,3
350,18,Female,Banten,Java Island,5,4,5,5,3,5,5,3,5,2,3,4,4,2,5,3,1,4,5,2,2,5,2,4,1,1
351,24,Female,Jakarta,Java Island,5,4,4,4,5,5,3,2,3,1,1,4,3,2,4,2,1,1,4,1,2,4,1,3,1,1
354,19,Female,Jakarta,Java Island,4,4,4,4,4,4,3,3,4,3,2,3,4,3,4,2,4,2,4,2,2,2,1,3,1,3
355,18,Female,Jakarta,Java Island,5,4,5,5,4,5,5,3,5,3,1,2,3,2,4,3,2,4,5,1,3,2,1,2,2,1
360,22,Female,Jakarta,Java Island,4,4,4,4,4,4,4,3,4,2,3,4,4,3,4,3,1,3,4,3,1,1,1,3,2,3
361,23,Female,Jakarta,Java Island,5,5,5,5,4,4,4,4,5,5,4,3,3,1,3,4,1,4,4,4,1,3,2,4,2,1
362,23,Female,Jakarta,Java Island,5,3,4,3,3,3,3,3,5,3,3,3,3,3,3,1,1,3,3,1,1,3,1,2,1,1
363,19,Male,Jakarta,Java Island,4,4,5,5,4,4,3,5,5,3,2,4,2,2,4,4,2,3,3,1,1,1,1,2,2,1
367,19,Female,Jakarta,Java Island,5,5,5,5,4,4,4,4,5,3,2,2,4,3,3,1,3,3,3,2,2,2,1,3,1,1
369,19,Female,Jakarta,Java Island,5,5,5,5,4,5,4,3,4,2,2,2,4,4,3,3,3,3,4,1,1,2,1,4,1,1
371,22,Female,Jakarta,Java Island,4,5,4,5,5,3,4,4,5,2,3,4,2,2,4,3,3,4,4,1,1,1,1,2,1,2
377,22,Female,Banten,Java Island,4,5,5,5,5,5,5,5,3,1,5,5,3,3,4,1,1,5,3,2,1,2,1,4,2,1
378,22,Female,Jakarta,Java Island,3,3,3,4,4,4,4,4,2,3,2,5,3,3,3,4,2,1,1,1,1,4,5,5,3,1
382,21,Female,Jakarta,Java Island,5,4,5,5,4,4,2,4,5,1,3,5,4,4,5,2,1,2,5,1,1,1,1,3,1,1
389,19,Female,Jakarta,Java Island,4,4,4,4,3,3,3,3,5,4,2,4,3,3,4,2,2,3,3,1,1,2,1,2,2,1
390,22,Female,Jakarta,Java Island,5,5,5,5,5,5,5,4,5,5,4,5,3,4,5,3,4,5,5,3,2,2,1,3,2,3
401,21,Female,Banten,Java Island,3,2,3,3,2,2,2,2,3,2,1,1,1,2,2,1,2,1,1,1,1,1,1,2,1,1
405,21,Female,Jakarta,Java Island,5,5,5,5,4,5,5,2,4,1,4,4,4,2,4,1,2,4,5,1,2,1,1,2,2,1
410,22,Female,Jakarta,Java Island,4,4,4,4,4,4,4,2,4,3,2,4,2,2,2,2,2,2,3,2,1,3,2,2,2,2
413,22,Female,Banten,Java Island,4,4,4,5,4,4,4,1,4,2,4,4,2,2,2,2,1,5,2,2,2,2,1,4,2,2
416,20,Female,Banten,Java Island,4,3,4,3,2,2,3,1,4,3,2,3,3,2,2,2,2,1,3,2,1,1,1,1,1,1
417,20,Female,Banten,Java Island,2,3,4,5,4,4,3,4,5,2,3,4,1,3,3,1,3,2,2,1,1,1,2,3,2,1
424,22,Female,Banten,Java Island,4,4,4,4,4,2,4,2,1,1,2,5,3,2,2,1,3,2,3,2,1,1,1,3,1,1
434,21,Female,Jakarta,Java Island,5,5,5,5,5,5,5,4,5,5,2,5,2,2,2,4,1,2,3,1,1,1,1,2,1,1
451,18,Female,Jakarta,Java Island,5,4,4,5,4,4,5,3,4,3,4,4,4,4,5,3,3,4,5,3,2,3,2,4,2,3
454,21,Female,Jakarta,Java Island,5,5,5,5,4,3,4,3,5,1,1,4,3,3,3,1,1,3,4,1,1,2,1,1,1,1
455,24,Female,Jakarta,Java Island,5,5,5,5,5,5,5,5,3,3,4,5,3,1,4,1,1,1,3,1,1,1,1,4,1,1
467,24,Female,Jakarta,Java Island,5,5,5,5,4,5,3,4,5,3,4,5,4,4,4,3,3,3,4,3,3,3,3,3,3,3
472,19,Female,Banten,Java Island,5,5,5,5,5,5,5,3,5,1,5,5,5,5,5,5,5,2,5,5,1,2,1,5,1,1
478,21,Female,Jakarta,Java Island,5,4,4,3,4,4,3,4,5,3,3,4,4,4,3,5,3,5,4,3,3,2,3,3,2,2
479,21,Female,Banten,Java Island,5,5,5,5,5,5,5,3,5,5,3,5,5,5,3,3,4,3,5,3,3,2,1,5,3,3
483,20,Female,Banten,Java Island,5,5,5,5,5,5,5,2,5,4,4,5,5,4,5,5,5,5,5,4,3,5,2,4,2,2
490,19,Female,Jakarta,Java Island,5,5,5,5,5,4,5,3,5,2,2,4,4,4,2,3,3,4,4,3,1,1,1,4,1,1
493,18,Female,Jakarta,Java Island,5,5,5,5,5,3,5,4,5,4,3,5,3,4,3,3,3,3,3,3,3,3,1,5,3,3
497,19,Female,Jakarta,Java Island,4,4,4,4,2,3,3,3,5,3,3,3,2,2,3,2,3,3,3,1,2,1,1,2,2,2
498,18,Female,Jakarta,Java Island,4,3,5,4,4,4,4,4,5,4,2,4,3,2,4,3,2,3,4,2,1,2,2,3,1,1
516,19,Female,Jakarta,Java Island,5,3,5,5,4,4,4,4,5,4,2,1,3,1,2,2,1,5,5,1,1,2,1,2,1,1
522,20,Female,Banten,Java Island,3,4,4,4,2,4,3,3,3,3,2,2,2,2,3,2,2,4,2,1,1,1,1,2,1,1
523,19,Female,Jakarta,Java Island,5,4,5,3,3,4,4,4,5,5,1,5,4,3,4,4,3,5,3,3,3,1,3,4,2,1
530,21,Female,Jakarta,Java Island,5,5,5,5,5,5,5,5,5,5,5,5,5,5,5,5,4,4,5,4,4,1,1,5,3,3
533,19,Female,Jakarta,Java Island,5,5,5,5,4,4,5,5,3,4,3,4,2,2,3,4,3,5,3,3,4,5,2,5,2,2
546,20,Female,Jakarta,Java Island,5,5,5,5,4,5,5,5,5,3,3,4,2,2,4,4,1,3,4,3,2,1,1,3,1,1
548,18,Female,Banten,Java Island,5,5,5,5,5,3,4,4,5,5,3,4,5,5,4,3,5,3,5,4,2,3,1,5,3,3
566,18,Female,Jakarta,Java Island,3,3,3,4,3,4,3,2,2,1,3,2,1,1,1,3,1,1,3,1,1,2,2,3,1,2
571,28,Female,Jakarta,Java Island,3,3,3,4,3,4,4,2,3,2,1,3,4,4,3,2,2,2,3,2,2,2,1,2,1,2
573,26,Female,Banten,Java Island,4,4,4,4,1,2,2,3,4,3,3,3,1,1,3,4,1,1,3,1,1,1,1,2,1,1
576,21,Female,Jakarta,Java Island,5,4,1,5,4,3,2,3,5,1,3,3,4,5,3,2,5,2,4,2,1,1,1,4,1,1
580,27,Female,Jakarta,Java Island,5,5,5,5,4,4,4,5,5,4,5,4,3,2,3,4,3,5,5,3,2,2,1,3,2,2
581,18,Female,Jakarta,Java Island,5,4,5,5,4,5,4,4,5,5,3,5,5,5,5,5,5,5,5,3,3,3,3,3,2,3
583,24,Female,Jakarta,Java Island,5,5,5,5,5,5,5,1,5,4,3,5,1,1,1,1,4,1,1,1,1,4,5,3,1,1
584,24,Female,Banten,Java Island,4,2,4,4,2,4,4,2,2,2,2,4,3,2,2,1,2,2,2,1,1,1,1,2,1,1
604,21,Female,Jakarta,Java Island,5,5,5,5,4,4,5,2,5,2,3,4,5,4,3,3,2,2,5,1,2,1,1,4,2,1
625,22,Female,Jakarta,Java Island,3,3,4,5,5,5,4,2,1,3,3,3,3,3,2,3,2,3,4,3,1,2,2,4,2,3
627,18,Female,Jakarta,Java Island,4,3,4,3,3,3,3,1,3,1,2,2,2,3,2,1,1,1,1,1,1,1,1,3,1,1
636,22,Female,Jakarta,Java Island,5,5,5,4,3,3,3,4,5,3,3,4,2,1,1,1,1,2,2,1,1,1,1,1,1,1
637,20,Female,Banten,Java Island,5,3,5,4,3,3,3,3,5,2,2,3,2,3,4,1,2,1,5,1,3,3,3,3,3,3
646,18,Female,Jakarta,Java Island,5,3,5,5,4,4,3,3,4,3,3,3,2,2,4,2,1,3,4,1,1,2,2,3,2,2
650,24,Male,Jakarta,Java Island,5,5,5,5,5,5,5,5,3,3,3,5,4,1,5,1,3,3,1,1,1,1,1,3,3,1
653,23,Female,Jakarta,Java Island,5,5,5,5,4,4,4,2,4,2,3,4,3,2,4,4,3,5,4,2,1,3,1,4,1,4
658,20,Female,Jakarta,Java Island,5,5,5,5,3,4,3,4,5,2,4,4,4,4,4,2,3,5,4,1,2,3,3,4,2,3
665,20,Female,Banten,Java Island,5,5,5,5,5,5,5,4,5,3,3,4,3,3,5,2,3,4,5,1,2,3,2,3,3,3
666,18,Female,Jakarta,Java Island,5,2,5,4,3,3,3,1,3,1,1,3,1,1,1,1,1,1,1,1,1,1,1,1,1,1
678,18,Female,Banten,Java Island,5,4,5,5,5,5,5,2,5,1,4,3,2,1,1,1,1,4,2,1,1,1,1,4,1,1
682,18,Female,Jakarta,Java Island,5,5,5,5,5,5,5,2,2,3,2,5,2,1,5,1,1,1,5,1,1,3,1,5,1,1
692,35,Female,Jakarta,Java Island,5,5,5,5,5,5,5,3,5,1,1,3,3,3,2,4,2,3,2,1,1,1,1,4,2,1
708,18,Male,Jakarta,Java Island,5,5,5,5,5,4,4,3,5,4,4,4,3,3,5,2,2,2,4,1,1,1,1,2,1,3
720,22,Female,Jakarta,Java Island,5,5,5,4,4,5,4,2,5,3,3,4,3,3,5,3,4,2,4,3,2,1,1,4,2,4
725,18,Female,Jakarta,Java Island,4,4,5,4,3,4,5,3,5,2,2,1,2,2,5,2,3,5,3,2,1,1,2,3,1,1
729,22,Female,Jakarta,Java Island,3,3,3,4,3,3,3,4,2,2,3,3,3,2,4,1,1,3,4,1,1,2,2,2,3,2
736,20,Female,Jakarta,Java Island,4,4,4,4,4,4,3,4,2,2,4,4,3,2,3,2,1,2,4,1,1,2,1,5,2,4
742,22,Female,Jakarta,Java Island,5,5,5,5,5,5,4,4,5,5,5,4,3,3,3,1,1,5,3,1,1,1,1,5,1,1
745,21,Female,Banten,Java Island,5,4,5,5,5,4,4,5,5,4,2,4,4,3,5,1,1,5,2,2,1,2,1,1,1,1
753,31,Female,Banten,Java Island,5,5,5,4,4,4,3,2,3,1,4,5,1,3,4,4,1,3,5,1,1,1,1,4,1,1
756,18,Female,Jakarta,Java Island,4,5,5,5,5,4,4,3,5,3,3,4,3,2,2,3,1,3,4,3,1,1,1,3,2,1
766,27,Female,Jakarta,Java Island,4,4,3,4,4,4,2,2,3,2,1,3,3,2,4,1,2,3,2,1,1,1,1,1,1,1
767,18,Female,Jakarta,Java Island,3,4,3,4,2,3,2,3,3,3,2,3,4,4,4,3,1,3,4,3,2,3,3,4,4,1
770,21,Female,Jakarta,Java Island,5,5,5,5,5,5,5,5,5,4,3,5,5,4,5,4,2,3,4,3,2,1,1,4,2,1
778,20,Female,Jakarta,Java Island,5,5,5,5,4,5,5,3,5,3,3,4,4,2,4,3,2,3,5,3,2,1,1,4,3,1
779,24,Female,Banten,Java Island,5,5,4,5,5,5,4,3,5,4,2,5,4,3,4,1,3,3,4,2,2,2,2,4,2,3
790,19,Female,Jakarta,Java Island,4,4,4,5,4,4,1,2,5,1,2,4,1,4,4,1,1,3,2,1,1,1,1,3,1,1
796,18,Female,Banten,Java Island,5,3,5,5,5,4,5,3,3,2,5,2,5,3,3,1,1,3,3,1,1,1,1,3,2,3
800,19,Female,Jakarta,Java Island,5,5,5,5,5,5,5,3,4,3,5,5,5,4,3,3,3,1,4,3,3,1,1,5,1,1
811,20,Female,Jakarta,Java Island,5,5,5,5,4,4,5,3,5,3,3,4,4,4,3,1,3,4,4,3,2,2,1,3,2,1
812,20,Female,Banten,Java Island,4,3,4,3,2,2,3,1,4,3,2,3,3,2,2,2,2,1,3,2,1,1,1,1,1,1
816,21,Female,Jakarta,Java Island,5,3,5,4,2,4,4,4,5,3,4,4,4,4,4,4,3,3,4,2,3,2,2,4,2,2
817,19,Female,Jakarta,Java Island,4,4,4,3,3,3,3,3,4,3,2,3,3,3,4,3,1,2,3,2,1,3,3,3,3,3
818,18,Female,Jakarta,Java Island,4,4,4,4,4,4,4,4,4,3,3,4,4,3,2,3,2,4,2,3,2,2,3,2,2,2
821,20,Female,Jakarta,Java Island,4,4,4,4,3,4,4,3,4,2,3,3,4,3,3,3,2,3,3,2,1,2,2,3,1,2
822,26,Female,Jakarta,Java Island,4,4,4,4,4,4,4,3,5,3,3,4,3,3,2,2,1,1,1,1,1,1,1,1,1,1
823,22,Female,Jakarta,Java Island,5,5,5,5,5,5,5,2,5,3,1,1,2,2,3,2,2,3,2,2,1,2,3,3,2,2
830,23,Female,Jakarta,Java Island,5,5,5,5,4,5,4,4,5,5,3,4,3,4,3,3,2,3,2,2,4,3,1,4,1,2
832,21,Female,Jakarta,Java Island,4,4,4,4,3,4,4,3,4,4,1,4,4,3,3,1,1,4,3,2,1,2,4,1,1,1
833,22,Female,Jakarta,Java Island,5,5,5,5,5,3,5,1,5,3,2,3,3,2,5,2,1,3,5,1,1,1,1,2,1,1
843,22,Female,Jakarta,Java Island,5,3,4,5,4,4,5,3,5,4,4,4,3,3,3,3,3,4,5,3,2,3,1,3,2,3
854,23,Female,Jakarta,Java Island,4,3,5,5,4,4,3,3,5,3,2,4,2,2,3,3,2,4,4,2,1,3,3,3,3,2
857,19,Male,Jakarta,Java Island,5,3,4,4,4,4,4,4,4,4,4,4,3,3,4,4,2,4,5,4,2,4,2,3,2,2
865,23,Female,Jakarta,Java Island,3,5,4,5,5,4,3,3,5,5,5,5,5,2,5,3,1,3,5,1,1,1,2,4,4,2
869,23,Female,Jakarta ,Java Island,5,4,5,5,4,4,4,3,5,3,2,4,3,1,1,2,2,3,4,1,1,1,1,1,1,3
873,24,Female,Banten,Java Island,5,5,5,5,4,5,5,5,5,3,4,3,5,3,4,2,2,4,3,3,3,3,2,4,3,3
878,22,Female,Jakarta,Java Island,4,3,5,5,3,3,3,5,5,5,3,4,3,2,2,3,1,3,3,2,1,1,2,3,1,1
883,25,Female,Jakarta,Java Island,4,4,4,4,4,4,4,4,5,3,2,4,2,2,2,1,2,2,2,2,4,1,1,2,1,1
885,23,Female,Jakarta,Java Island,5,5,5,5,5,5,5,3,5,4,3,5,3,3,4,3,1,3,4,4,3,1,3,4,1,1
888,20,Female,Banten,Java Island,5,4,3,4,3,4,2,3,4,1,3,2,2,3,1,1,4,1,4,1,1,1,1,4,4,4
889,25,Female,Banten,Java Island,5,4,4,4,5,4,3,4,3,4,4,4,4,2,2,1,3,1,4,1,1,1,1,4,1,1
907,22,Female,Jakarta,Java Island,4,3,4,4,4,4,3,3,5,3,3,3,4,4,3,3,4,4,4,3,3,3,4,3,2,1
916,21,Female,Jakarta ,Java Island,5,4,5,4,4,5,3,4,4,3,2,4,2,1,2,1,3,3,3,1,1,1,1,3,1,1
921,24,Female,Jakarta,Java Island,4,4,4,4,4,4,4,3,5,4,4,4,2,3,3,4,2,2,4,2,1,1,1,3,3,3
928,20,Female,Jakarta,Java Island,4,4,4,4,4,4,4,4,4,3,3,2,2,4,4,2,3,3,4,2,2,3,3,2,2,3
931,22,Female,Jakarta,Java Island,3,4,3,5,4,3,3,4,5,3,2,5,2,2,4,2,3,4,4,2,2,1,1,4,2,3
935,20,Female,Jakarta,Java Island,5,5,5,5,5,5,5,5,5,3,3,5,4,3,5,4,3,2,3,2,3,2,3,5,2,3
938,21,Female,Jakarta,Java Island,5,3,4,4,4,4,4,3,5,3,4,4,4,3,3,1,1,3,1,2,1,1,1,1,1,1
939,23,Male,Jakarta,Java Island,4,4,4,4,4,4,4,3,3,2,4,4,4,4,2,3,2,3,3,2,2,1,1,4,2,1
950,22,Female,Jakarta,Java Island,4,4,4,4,4,4,3,3,4,4,1,4,1,3,2,3,1,3,4,3,1,2,1,2,1,1
957,29,Female,Jakarta,Java Island,2,2,2,2,1,1,1,2,2,1,1,2,1,1,1,1,1,1,1,1,1,1,1,1,1,1
958,21,Female,Banten,Java Island,3,3,3,3,3,3,2,2,3,2,2,3,2,2,3,1,1,1,2,1,1,2,1,2,1,1
959,22,Female,Banten,Java Island,4,5,4,4,4,4,2,4,4,4,4,4,2,2,4,2,2,2,4,2,1,2,1,4,1,1
966,19,Male,Banten,Java Island,5,5,5,5,5,5,5,1,5,3,1,5,1,1,1,1,1,5,5,1,1,1,1,1,1,1
969,19,Female,Banten,Java Island,5,5,5,5,5,5,5,1,5,3,3,3,5,3,3,3,3,5,3,3,4,3,1,3,3,5
970,20,Female,Jakarta,Java Island,5,3,5,5,5,4,3,4,5,4,1,2,4,3,3,3,3,4,4,1,1,1,1,3,1,1
971,22,Female,Banten,Java Island,5,5,5,5,5,5,5,2,5,2,3,5,3,4,4,3,4,2,5,2,2,5,2,3,2,1
972,25,Female,Jakarta ,Java Island,5,5,5,5,5,4,5,5,5,5,4,4,3,3,2,3,3,5,3,3,2,5,4,4,1,2
973,19,Female,Banten,Java Island,4,2,3,3,2,3,3,2,4,3,1,2,1,3,3,1,4,2,3,1,2,1,1,1,1,1
974,19,Female,Jakarta,Java Island,4,2,5,4,3,4,5,2,5,4,1,3,1,1,1,1,1,1,2,1,1,1,1,2,2,1
976,28,Female,Banten,Java Island,4,4,4,4,4,4,3,4,4,4,3,4,3,3,3,4,3,2,4,2,2,2,2,2,2,2
980,22,Female,Banten,Java Island,4,3,3,4,3,3,3,3,4,3,3,4,3,2,3,2,2,1,3,3,2,1,1,2,1,1
986,23,Female,Banten,Java Island,3,2,4,3,3,3,3,2,4,2,2,2,1,1,3,1,1,2,2,1,1,2,1,2,1,1
990,22,Female,Jakarta,Java Island,5,5,5,5,5,5,5,4,5,3,3,5,5,3,4,3,4,4,4,5,3,3,1,4,1,1
998,21,Female,Banten,Java Island,4,5,4,4,5,2,2,2,5,3,2,4,2,2,3,2,2,4,2,2,2,1,2,2,1,2
1000,21,Female,Banten,Java Island,4,3,4,3,4,4,4,3,4,4,4,4,2,1,3,2,1,2,3,1,1,2,2,2,1,1
1005,22,Female,Jakarta,Java Island,5,3,4,5,4,4,4,1,4,3,2,3,2,3,4,2,2,1,2,1,3,3,1,3,3,2
1006,21,Male,Jakarta,Java Island,5,4,3,4,4,2,2,4,2,3,3,3,3,1,1,1,1,1,1,1,1,1,3,2,1,3
1009,22,Female,Jakarta,Java Island,2,3,4,5,5,3,1,2,4,2,1,2,1,1,2,1,4,3,2,1,1,1,1,4,1,1
1012,23,Female,Jakarta,Java Island,5,5,4,5,5,3,4,5,4,3,3,5,4,4,4,5,4,5,5,4,2,2,4,5,5,5
1019,19,Female,Jakarta,Java Island,5,4,5,5,4,4,3,2,5,2,4,5,4,3,3,4,1,2,4,3,1,1,3,3,1,1
1026,22,Male,Jakarta,Java Island,5,3,5,4,4,5,4,3,3,4,1,2,1,1,1,1,4,3,2,2,3,3,1,2,2,1
1032,22,Female,Jakarta ,Java Island,5,5,5,5,5,5,5,2,5,2,5,5,2,4,4,1,1,5,4,2,1,1,1,1,1,1
1042,20,Female,Jakarta,Java Island,5,4,5,5,4,5,5,3,5,4,3,4,4,4,4,2,2,4,5,1,1,3,1,4,3,3
1053,23,Female,Banten,Java Island,5,5,5,5,3,5,5,2,5,3,1,3,3,1,2,1,1,3,2,1,1,1,1,3,1,1
1060,19,Female,Jakarta,Java Island,3,3,5,5,5,5,3,3,5,3,3,3,4,3,3,5,3,3,1,1,1,1,3,3,2,2
1062,20,Female,Jakarta,Java Island,5,4,5,5,4,5,3,4,5,5,5,5,3,1,1,4,1,3,4,3,1,3,1,2,2,2
1065,23,Female,Banten,Java Island,5,5,5,5,5,5,5,1,5,3,4,2,3,1,5,3,1,1,5,3,1,1,1,4,1,1
1066,27,Female,Jakarta,Java Island,4,5,4,5,4,4,4,4,4,3,2,4,2,3,3,2,1,4,3,1,1,1,3,4,1,1
1077,21,Female,Jakarta,Java Island,5,5,5,5,5,5,4,4,5,5,5,5,5,4,4,4,4,5,4,4,2,3,3,4,3,3
1078,20,Female,Jakarta ,Java Island,5,4,4,4,3,4,4,4,5,4,4,4,3,3,3,3,4,5,3,2,3,1,1,4,1,2
1080,21,Female,Jakarta,Java Island,5,5,5,5,5,4,3,4,5,1,3,3,4,4,4,3,4,4,4,2,3,1,2,3,1,1
1082,21,Female,Banten,Java Island,5,5,5,5,4,5,4,5,5,4,5,3,5,4,4,2,3,3,5,2,1,2,1,3,1,1
1085,19,Female,Banten,Java Island,5,5,5,5,5,5,5,4,3,2,2,5,2,1,4,3,1,5,3,2,1,2,1,4,3,1
1088,20,Female,Banten,Java Island,5,5,5,5,5,4,5,3,5,5,5,4,4,4,5,4,5,3,4,3,3,3,2,4,3,2
1090,23,Female,Banten,Java Island,4,5,4,5,5,5,5,3,5,3,3,5,4,4,4,3,3,5,5,2,3,5,1,5,3,3
1091,24,Female,Jakarta,Java Island,5,5,5,5,5,5,5,5,5,3,5,5,2,1,3,3,1,3,3,2,1,1,1,3,1,4
1092,20,Female,Jakarta,Java Island,4,4,4,4,3,4,4,2,4,3,2,3,3,3,3,2,2,3,2,1,2,2,1,1,1,1
1097,19,Female,Jakarta,Java Island,5,5,5,5,4,4,4,2,4,4,3,4,4,4,4,1,3,4,4,2,2,3,3,3,4,3
1101,28,Female,Jakarta,Java Island,5,4,5,5,4,4,4,4,5,3,1,4,1,1,1,1,1,4,1,1,1,1,1,2,1,1
1105,19,Female,Banten,Java Island,5,4,5,3,3,3,4,3,4,3,2,5,4,3,2,3,2,2,5,1,1,1,1,3,1,1
1113,21,Female,Jakarta,Java Island,5,5,5,5,5,5,5,3,2,5,1,5,5,5,3,1,1,5,1,1,1,1,1,1,1,1
1115,21,Female,Jakarta,Java Island,5,4,5,5,5,5,4,4,4,3,2,4,2,2,3,2,3,2,3,1,1,1,1,2,1,1
1117,20,Male,Banten,Java Island,4,4,4,5,4,4,4,3,4,3,2,4,4,3,3,2,4,4,4,3,4,2,2,3,3,2
1121,25,Female,Jakarta,Java Island,4,3,5,4,3,4,4,3,5,2,4,3,4,3,4,2,2,2,4,2,1,2,1,2,2,2
1126,20,Female,Banten ,Java Island,4,3,4,4,3,4,2,3,4,3,1,3,2,3,3,1,4,2,3,1,1,1,1,3,1,1
1128,21,Female,Banten,Java Island,5,5,5,5,5,5,5,4,5,2,5,4,4,3,3,5,5,5,4,2,1,1,1,5,2,3
1129,23,Female,Jakarta,Java Island,5,5,5,5,5,5,5,2,5,1,2,4,2,1,1,1,1,2,4,1,1,1,1,1,1,1
1132,20,Female,Banten,Java Island,5,5,5,5,5,5,5,5,5,5,4,5,5,5,5,5,2,4,5,5,2,2,2,4,2,4
1134,19,Female,Jakarta,Java Island,5,5,5,5,5,5,5,4,5,5,4,5,5,5,5,4,4,3,5,3,1,3,1,5,1,1
1136,20,Female,Jakarta,Java Island,4,4,4,5,5,4,3,3,5,3,3,4,3,3,4,3,2,3,4,2,3,3,2,3,2,2
1139,19,Female,Jakarta,Java Island,5,5,5,5,5,4,5,5,5,4,5,4,5,5,5,4,4,4,5,3,4,4,2,5,5,4
1140,20,Female,Banten,Java Island,4,3,4,3,3,3,3,3,3,3,2,3,2,2,3,1,1,3,2,2,1,1,1,2,1,2
1141,25,Female,Jakarta,Java Island,5,5,5,5,5,5,5,3,5,4,3,5,3,2,4,2,1,4,4,2,1,2,2,2,2,2
1142,20,Female,Jakarta,Java Island,3,4,4,5,5,5,5,5,5,4,3,5,2,2,4,2,3,3,4,2,3,1,2,2,2,2
1143,24,Female,Jakarta,Java Island,4,4,4,4,3,3,3,1,4,4,4,4,3,3,3,1,1,1,4,1,1,1,1,1,1,2
1147,30,Female,Jakarta,Java Island,5,5,5,5,4,3,3,4,5,3,4,4,4,4,5,3,3,3,4,3,2,5,3,3,1,1
1149,19,Female,Jakarta,Java Island,4,3,4,5,4,4,3,2,4,3,4,3,4,2,4,3,4,4,5,2,2,4,1,3,3,3
1154,21,Female,Jakarta,Java Island,5,5,5,5,4,5,5,3,4,4,3,5,5,4,5,3,3,2,4,3,1,4,1,2,1,1
1155,22,Female,Jakarta,Java Island,3,3,4,4,3,3,4,2,4,1,2,3,3,4,4,1,4,3,3,1,2,1,1,2,1,1
1156,22,Female,Jakarta,Java Island,5,4,5,4,3,4,4,5,4,2,4,3,4,4,5,4,5,5,5,1,1,1,1,4,3,1
1159,19,Female,Jakarta,Java Island,5,5,5,5,4,4,5,4,5,2,3,4,2,2,3,2,2,3,4,1,1,5,5,4,2,1
1166,22,Female,Jakarta,Java Island,4,5,5,5,4,4,4,2,5,3,2,4,3,2,4,1,3,2,5,1,1,1,1,3,1,1
1167,24,Female,Banten,Java Island,5,4,5,4,4,3,3,2,5,4,1,3,2,1,2,2,2,3,3,1,1,2,1,2,1,1
1169,19,Female,Jakarta,Java Island,3,4,4,4,2,3,4,1,3,1,1,3,4,1,1,1,1,2,1,1,1,1,1,1,1,1
1170,21,Female,Banten,Java Island,5,4,5,5,4,5,5,3,5,3,4,4,4,4,2,4,4,5,5,2,2,1,1,4,4,4
1171,24,Female,Jakarta,Java Island,4,4,4,5,5,3,4,5,3,4,5,5,4,2,4,4,3,5,5,3,3,4,1,3,4,2
1178,26,Male,Banten,Java Island,4,3,4,4,3,4,1,4,5,3,2,4,2,1,1,2,1,4,2,1,1,1,1,4,4,1
1187,20,Female,Banten,Java Island,5,5,5,5,4,5,4,3,5,4,3,5,3,5,4,3,5,2,3,1,3,1,1,3,1,1
1190,23,Female,Banten,Java Island,5,5,5,5,4,5,5,3,5,4,3,3,3,3,3,3,2,4,4,3,2,2,2,3,1,2
1192,26,Female,Jakarta ,Java Island,4,5,4,5,5,4,4,3,5,4,4,5,3,4,4,5,4,4,3,4,3,4,1,4,2,2
1193,20,Female,Jakarta ,Java Island,5,5,5,5,5,5,5,4,5,5,2,5,5,5,5,3,3,2,4,3,2,1,1,3,2,2
1195,27,Male,Banten,Java Island,5,5,5,5,5,3,3,3,5,4,3,5,3,1,3,3,3,3,5,3,1,1,1,5,2,1
1196,20,Male,Jakarta ,Java Island,4,3,4,4,5,4,5,5,5,4,2,4,4,1,3,2,1,4,4,3,5,5,3,3,3,1
1198,29,Female,Jakarta,Java Island,5,5,5,5,5,5,5,5,5,5,5,5,5,5,5,1,1,5,5,5,1,1,1,1,1,1
1202,21,Female,Jakarta,Java Island,5,5,5,5,5,5,2,3,5,5,5,5,5,4,5,3,3,5,5,5,3,2,2,4,5,3
1209,21,Female,Jakarta,Java Island,5,5,5,5,5,5,4,5,5,3,4,5,3,4,4,3,5,4,5,3,3,4,1,5,1,1
1212,20,Female,Banten,Java Island,4,4,4,4,4,4,3,4,5,3,4,4,5,4,4,3,2,3,4,3,1,1,1,3,2,2
1217,21,Female,Jakarta ,Java Island,5,4,5,5,5,5,5,3,5,2,2,4,3,2,4,1,2,3,4,1,1,3,1,3,1,1
1223,28,Female,Jakarta ,Java Island,4,4,4,4,4,4,4,2,4,2,4,4,4,4,4,3,4,4,4,2,2,1,1,2,1,1
1226,20,Female,Jakarta,Java Island,5,5,5,5,5,5,5,4,5,3,3,5,4,2,3,2,1,1,3,1,1,2,3,2,1,1
1227,24,Female,Jakarta,Java Island,4,5,5,5,5,4,5,4,5,4,4,5,3,4,4,5,5,3,5,5,3,3,3,5,3,3
1243,19,Female,Jakarta,Java Island,5,5,5,5,5,5,5,4,5,3,4,5,2,1,3,4,2,2,5,2,1,1,1,2,1,1
1244,19,Female,Jakarta,Java Island,2,5,2,5,4,3,2,3,4,4,2,4,2,2,3,3,4,3,3,1,2,3,1,2,3,4
1249,28,Male,Jakarta,Java Island,5,5,5,5,4,5,3,3,4,2,1,5,3,1,1,2,1,1,1,1,1,1,1,2,1,1
1250,25,Female,Banten,Java Island,4,4,4,4,4,4,5,5,3,3,4,5,3,3,4,3,2,3,4,1,1,3,1,3,1,3
1255,20,Female,Banten,Java Island,5,4,5,5,3,4,3,4,5,3,3,4,3,3,4,3,1,3,1,3,1,1,1,3,3,3
1261,19,Female,Jakarta,Java Island,5,5,5,5,5,4,5,3,5,3,5,4,4,4,5,3,5,5,5,3,3,1,1,3,1,3
1264,20,Female,Jakarta ,Java Island,4,5,4,4,3,3,4,3,4,3,3,4,3,4,4,4,3,2,4,1,2,1,2,3,3,3
1268,19,Female,Jakarta,Java Island,5,5,5,5,5,4,3,4,5,1,3,4,2,1,2,2,1,3,4,1,1,1,1,3,1,1
1270,19,Female,Jakarta,Java Island,3,4,3,4,3,4,3,4,4,2,2,2,1,1,2,2,3,4,2,2,1,1,1,2,1,1
1272,28,Female,Jakarta,Java Island,5,5,5,5,5,5,5,5,5,5,3,5,4,3,5,3,3,3,3,4,3,3,4,4,3,3
1281,21,Female,Jakarta,Java Island,4,5,5,5,5,5,5,5,5,4,5,5,4,2,3,4,5,2,4,3,2,3,1,5,4,1
1284,30,Female,Jakarta,Java Island,3,1,2,2,2,2,1,3,5,4,1,2,1,1,1,1,1,2,3,1,1,3,5,2,1,1
1292,22,Female,Jakarta,Java Island,2,4,4,4,4,4,4,3,4,4,2,4,4,4,2,1,1,4,4,2,1,2,3,2,1,1
1299,21,Female,Banten,Java Island,4,4,4,3,3,3,3,4,4,2,3,4,3,4,3,1,4,2,4,1,1,1,1,1,1,1
1311,22,Female,Jakarta,Java Island,5,5,4,5,4,4,4,5,5,3,2,4,2,3,4,2,3,4,4,1,1,2,2,2,1,1
1317,28,Female,Jakarta,Java Island,4,3,4,5,4,4,3,3,5,4,4,5,4,3,4,2,4,4,4,2,1,1,1,3,1,1
1323,22,Female,Jakarta,Java Island,4,3,4,5,3,4,4,3,5,2,4,1,4,4,5,1,5,1,4,1,1,1,1,4,1,1
1324,21,Female,Banten,Java Island,5,5,5,5,5,5,5,5,5,4,4,5,5,4,5,5,1,5,5,3,1,5,1,5,3,1
1331,19,Female,Jakarta,Java Island,3,4,4,5,4,4,4,2,5,4,1,2,2,2,2,1,2,3,3,1,3,2,1,4,3,1
1333,19,Female,Banten,Java Island,4,5,5,5,4,4,4,4,5,4,3,4,3,3,4,2,4,3,5,3,2,4,2,4,1,3
1339,19,Female,Banten,Java Island,5,4,3,4,4,4,4,3,5,3,2,4,3,4,3,2,2,4,3,3,3,4,1,2,2,2
1341,19,Female,Jakarta,Java Island,4,3,4,4,3,3,3,1,4,3,2,3,1,1,2,1,1,1,2,2,1,1,1,2,1,1
1346,28,Female,Jakarta,Java Island,4,4,4,4,4,4,3,3,4,3,2,4,4,4,4,3,2,2,4,3,1,1,1,3,1,3
1349,20,Female,Banten,Java Island,3,4,3,3,3,3,3,3,4,3,3,3,2,2,3,2,1,2,3,1,1,1,1,2,2,3
1352,21,Female,Jakarta,Java Island,5,5,5,5,5,3,4,3,5,1,3,4,3,3,4,4,5,2,4,3,1,3,1,5,1,1
1355,21,Male,Jakarta,Java Island,3,3,4,2,2,3,2,4,5,2,2,3,1,2,3,1,1,4,4,1,1,1,1,1,1,1
1360,22,Female,Jakarta,Java Island,5,4,5,5,5,5,5,4,5,4,4,4,4,2,3,3,3,3,4,3,1,2,2,3,2,2
1365,19,Female,Jakarta,Java Island,5,5,5,5,5,5,5,4,5,4,5,4,4,4,4,4,4,3,4,3,4,1,3,4,2,1
1368,22,Female,Jakarta,Java Island,5,4,5,4,4,4,4,3,5,3,4,4,5,4,3,1,4,3,5,1,2,1,1,3,3,1
1371,20,Female,Jakarta,Java Island,4,4,4,4,4,4,3,4,4,3,3,3,3,3,2,2,2,2,4,1,1,2,1,2,2,1
1383,21,Female,Banten,Java Island,5,4,4,4,4,4,3,3,2,2,3,3,2,3,3,2,3,2,3,2,2,1,1,2,2,2
1386,26,Female,Jakarta ,Java Island,2,4,4,4,4,4,4,3,3,3,2,4,2,2,2,2,2,1,2,2,1,2,2,2,2,3
1390,20,Female,Jakarta,Java Island,5,5,5,5,4,5,4,5,5,4,4,5,5,4,4,3,2,3,5,3,2,1,4,3,2,2
1392,19,Female,Jakarta,Java Island,5,4,4,5,5,4,3,2,4,2,3,5,2,2,4,2,5,4,4,2,2,2,2,4,2,2
1396,20,Female,Jakarta,Java Island,4,3,4,4,3,3,4,1,4,2,2,3,2,1,1,3,1,3,3,1,1,1,4,2,1,1
1399,24,Female,Jakarta,Java Island,3,4,5,5,4,4,4,3,5,3,2,4,2,1,3,1,3,1,1,1,1,1,1,3,1,1
1403,22,Female,Jakarta,Java Island,4,5,5,5,4,4,4,1,5,3,3,4,2,2,4,3,3,4,4,3,1,1,1,2,2,1
1404,24,Female,Jakarta,Java Island,5,5,5,4,4,4,4,5,5,4,4,3,3,2,4,5,1,2,4,2,1,2,5,4,2,1
1405,20,Female,Jakarta,Java Island,5,5,5,5,4,5,4,2,5,2,3,4,4,3,3,4,1,4,4,1,1,1,1,3,1,1
1413,19,Female,Jakarta,Java Island,5,4,5,5,5,5,5,5,5,5,3,4,4,3,4,2,3,3,2,1,2,2,1,4,1,1
1416,28,Female,Jakarta,Java Island,5,4,5,5,4,4,4,4,5,3,3,4,4,3,3,3,1,3,3,2,1,1,1,3,1,1
1418,20,Female,Jakarta,Java Island,5,5,5,5,5,4,5,5,5,5,5,5,5,5,5,5,5,5,5,5,5,5,5,5,5,5
1419,21,Female,Jakarta,Java Island,5,5,5,4,4,4,5,4,5,2,3,5,5,5,5,2,2,2,4,1,3,1,2,5,3,2
1420,20,Female,Jakarta ,Java Island,5,4,5,5,4,3,4,3,5,1,2,3,3,2,3,3,1,2,3,1,1,1,1,3,3,1
1422,19,Female,Jakarta ,Java Island,4,4,4,4,4,4,4,2,5,3,3,4,4,3,3,3,3,2,5,3,2,2,3,3,2,2
1430,22,Female,Jakarta ,Java Island,5,4,5,5,5,5,3,1,5,3,2,5,2,1,3,3,2,5,5,2,2,1,1,5,2,2
1433,21,Female,Jakarta,Java Island,4,3,5,3,3,4,5,5,5,1,1,5,3,3,1,1,3,1,1,1,1,1,1,4,1,1
1435,23,Female,Jakarta,Java Island,5,3,4,5,3,5,3,2,5,2,3,2,3,4,4,1,3,1,5,1,1,1,1,2,1,1
1440,24,Female,Jakarta,Java Island,4,4,4,3,2,2,4,3,2,1,1,3,1,1,1,1,1,2,2,2,1,1,1,2,1,1
1441,25,Female,Jakarta,Java Island,4,4,4,5,4,4,3,1,5,1,2,3,3,4,5,3,4,3,4,2,1,1,1,3,1,1
1445,19,Female,Banten,Java Island,5,5,5,5,5,5,5,5,5,3,5,5,5,5,5,5,3,5,5,4,4,3,3,5,3,2
1447,21,Female,Banten,Java Island,4,5,5,5,4,5,5,5,5,3,3,3,4,4,3,3,4,3,5,3,2,2,2,4,2,2
1451,24,Female,Jakarta,Java Island,4,4,4,4,4,4,4,2,2,3,3,4,2,2,3,3,2,3,2,3,1,1,1,2,2,2
1452,20,Female,Jakarta ,Java Island,4,4,4,4,4,4,4,4,5,4,5,5,5,4,4,3,3,2,4,2,1,1,1,4,1,1
1454,22,Female,Jakarta,Java Island,4,4,4,4,3,4,2,2,4,2,1,3,2,1,3,1,2,1,3,1,1,1,1,2,1,1
1461,24,Female,Jakarta,Java Island,5,5,5,5,5,5,5,5,5,3,5,5,3,3,5,3,3,5,5,3,1,2,3,5,4,3
1463,19,Female,Jakarta,Java Island,5,5,5,5,4,5,4,2,5,2,1,3,2,2,3,1,4,3,4,2,1,1,1,2,1,1
1464,19,Female,Jakarta,Java Island,5,5,4,5,5,3,3,2,3,4,1,5,5,5,3,3,4,3,5,2,3,4,1,4,3,1
1466,19,Female,Banten,Java Island,5,5,5,5,5,5,3,4,5,3,3,4,4,2,3,2,2,4,3,2,1,2,1,2,1,1
1485,19,Female,Jakarta,Java Island,5,5,5,5,5,5,4,5,5,2,4,5,3,5,5,4,4,2,4,4,3,2,1,1,3,2
1486,25,Female,Jakarta,Java Island,5,5,5,5,5,5,5,4,5,2,5,5,4,1,5,1,1,2,5,3,1,1,1,4,1,2
1487,22,Female,Jakarta,Java Island,4,3,4,4,4,4,3,4,4,3,2,3,3,3,3,3,3,4,4,2,1,1,1,3,2,1
1491,19,Female,Banten  ,Java Island,5,5,5,5,5,5,4,2,5,4,3,5,3,4,5,4,1,3,5,2,2,3,2,4,3,3
1492,19,Female,Jakarta,Java Island,5,5,5,4,4,4,3,2,5,1,2,4,2,3,3,2,2,3,4,1,1,2,1,4,1,1
1513,22,Female,Banten,Java Island,4,4,5,5,5,5,5,2,5,2,2,3,2,1,2,1,2,1,5,1,1,1,1,2,1,1
1514,25,Female,Jakarta,Java Island,5,5,5,4,4,5,5,3,5,2,2,4,4,4,3,4,3,3,4,3,1,2,3,3,3,3
1515,19,Female,Jakarta,Java Island,5,4,5,5,5,4,5,4,5,2,4,2,5,5,5,5,5,4,5,1,3,1,1,5,3,1
1522,19,Female,Jakarta,Java Island,3,5,3,5,5,3,3,3,4,3,1,3,2,3,3,2,1,2,3,1,1,3,1,1,3,1
1523,24,Female,Banten,Java Island,5,5,5,5,3,4,4,3,5,4,3,4,5,5,5,3,5,2,5,2,3,4,1,4,1,1
1524,20,Female,Banten,Java Island,5,5,5,5,5,5,5,4,5,5,4,5,4,1,3,4,1,2,3,1,1,1,1,2,1,1
1525,22,Female,Banten,Java Island,3,4,4,4,3,3,2,3,4,3,1,3,1,1,1,1,1,2,2,1,1,1,1,2,1,1
1527,20,Female,Jakarta,Java Island,4,4,5,5,4,5,4,4,5,3,3,3,4,4,4,2,1,3,4,1,2,1,1,3,2,2
1528,29,Female,Banten,Java Island,5,5,4,5,4,4,3,4,5,4,3,4,3,4,3,3,3,4,4,3,3,2,1,4,3,4
1533,25,Female,Jakarta,Java Island,5,5,5,5,4,5,4,3,5,3,3,4,1,1,3,1,1,1,1,1,1,2,1,1,1,1
1534,21,Female,Jakarta,Java Island,5,5,5,5,5,3,3,5,3,5,4,5,3,5,2,1,1,3,4,1,1,5,1,3,1,5
1538,20,Female,Jakarta,Java Island,5,5,5,5,5,5,5,4,5,3,2,4,4,4,4,2,4,5,4,2,1,2,1,4,1,1
1540,20,Female,Jakarta,Java Island,5,5,5,5,5,3,5,3,3,1,3,5,3,3,3,2,4,4,4,4,1,1,1,3,2,1
1552,22,Female,Jakarta,Java Island,3,3,3,4,3,3,3,4,4,3,3,4,3,3,3,2,1,3,3,2,2,3,2,3,3,3
1554,22,Female,Jakarta,Java Island,4,4,4,5,3,3,3,4,4,3,2,3,2,2,2,2,1,3,3,2,2,2,2,2,2,2
1555,19,Female,Jakarta,Java Island,5,5,5,4,4,3,4,3,5,2,1,4,4,2,3,3,2,5,4,5,1,2,1,2,1,2
1562,20,Female,Jakarta,Java Island,5,5,5,5,5,4,4,3,5,4,3,5,4,4,4,3,4,5,5,4,1,2,3,3,3,3
1569,22,Female,Banten,Java Island,5,4,5,5,4,3,4,3,4,3,3,4,4,4,4,3,2,3,3,2,2,3,2,2,2,2
1570,27,Female,Banten,Java Island,5,5,5,5,4,5,5,4,5,4,3,4,3,2,3,3,2,3,3,1,1,2,4,4,3,1
1572,23,Female,Jakarta,Java Island,5,4,5,5,4,5,2,3,2,4,3,4,4,2,2,3,1,4,3,1,3,1,1,3,1,1
1573,19,Female,Jakarta,Java Island,5,5,5,5,3,4,4,5,5,5,3,5,3,3,3,3,1,4,4,1,1,3,5,5,1,1
1583,19,Female,Banten,Java Island,4,3,4,4,4,4,4,3,4,2,2,4,2,2,1,1,3,1,3,1,1,1,1,2,1,1
1584,20,Female,Jakarta,Java Island,4,3,4,2,3,3,3,2,5,2,2,3,2,1,1,1,1,2,3,2,1,1,1,1,2,2
1596,19,Female,Jakarta,Java Island,5,5,5,5,5,5,4,5,5,5,4,5,5,4,4,5,4,5,5,4,3,2,5,5,1,1
1597,20,Male,Jakarta,Java Island,5,4,4,3,3,3,4,2,4,2,2,4,3,3,2,2,1,3,2,1,2,1,1,2,1,1
1600,19,Female,Jakarta ,Java Island,5,3,5,5,3,2,3,4,4,3,3,4,4,4,4,2,1,3,4,3,1,1,3,4,2,2
1602,21,Female,Jakarta ,Java Island,5,5,5,5,5,5,5,1,5,5,5,4,3,3,5,4,1,5,4,4,1,1,2,5,1,1
1607,19,Female,Banten,Java Island,5,5,5,5,4,5,5,3,5,4,4,3,5,5,5,4,3,4,5,3,3,3,1,3,1,1
1610,24,Female,Jakarta,Java Island,4,5,5,5,3,4,4,2,4,4,3,4,2,2,3,1,1,3,3,1,1,1,1,2,1,1
1619,21,Female,Jakarta,Java Island,4,5,4,4,4,4,4,4,4,4,4,4,2,2,4,4,4,4,4,4,4,4,4,4,4,4
1620,26,Female,Banten,Java Island,5,2,5,5,3,5,5,3,4,2,2,3,1,1,2,1,1,3,2,1,1,1,1,2,1,1
1627,20,Female,Banten,Java Island,5,5,5,5,4,4,4,5,5,3,3,4,3,2,4,3,1,3,4,2,1,1,2,2,3,3
1629,20,Female,Banten,Java Island,5,5,5,5,5,5,5,4,5,5,4,5,3,4,5,5,4,5,5,3,3,3,5,5,3,3
1646,20,Female,Banten,Java Island,5,5,5,5,4,5,5,5,3,5,3,4,4,2,3,2,2,3,3,3,1,1,1,2,5,3
1650,21,Female,Banten,Java Island,4,4,4,4,4,4,4,3,4,4,2,4,3,3,3,3,3,4,3,2,2,2,1,2,1,1
1661,22,Female,Jakarta,Java Island,5,4,5,5,4,5,2,5,5,5,1,4,5,2,2,3,1,5,2,2,1,1,1,5,2,1
1662,19,Female,Banten,Java Island,2,4,2,4,4,1,2,5,4,3,1,4,3,3,3,2,1,2,3,2,1,1,1,3,1,1
1664,20,Female,Jakarta,Java Island,5,4,5,5,5,3,2,3,2,1,1,4,3,1,4,1,1,1,5,1,1,1,1,2,2,1
1665,27,Female,Jakarta,Java Island,4,4,4,4,4,4,4,3,4,4,4,3,4,4,4,4,3,3,4,3,3,4,4,4,4,4
1681,19,Female,Jakarta ,Java Island,4,5,5,5,5,4,4,4,5,3,4,5,5,3,4,1,1,2,3,1,1,1,1,2,2,2
1682,21,Female,Banten,Java Island,5,4,4,5,5,4,4,5,5,2,1,4,2,2,2,1,1,2,2,3,1,2,1,2,1,1
1683,22,Female,Jakarta,Java Island,4,4,4,4,4,4,4,2,4,3,2,4,4,4,4,2,3,3,4,2,1,2,2,3,3,1
1685,19,Female,Jakarta,Java Island,4,5,5,5,5,3,5,3,5,5,3,4,4,3,3,4,3,3,4,3,3,2,1,5,2,2
1689,20,Female,Jakarta,Java Island,4,4,5,5,4,4,4,2,4,2,4,4,4,4,4,2,4,1,5,1,2,2,2,4,2,2
1692,19,Female,Jakarta,Java Island,5,4,5,4,4,3,5,4,5,5,5,2,5,3,4,4,3,4,5,2,4,3,3,4,3,2
1695,21,Female,Banten,Java Island,5,5,5,5,4,5,5,4,4,3,3,4,2,4,5,3,2,4,4,1,3,2,3,4,2,2
1703,19,Male,Jakarta,Java Island,4,4,3,4,4,3,3,2,4,2,2,3,2,1,2,1,3,2,3,1,1,2,1,2,2,1
1708,20,Female,Jakarta,Java Island,2,5,4,3,3,4,4,3,3,3,3,5,5,3,3,4,3,5,3,1,3,3,1,4,1,1
1709,19,Female,Jakarta,Java Island,5,4,5,5,5,5,5,2,5,3,3,3,5,4,5,3,3,2,4,1,2,2,1,3,1,1
1710,20,Female,Jakarta,Java Island,4,4,4,4,4,4,4,4,4,3,3,4,3,3,3,1,3,3,3,1,1,1,1,2,1,1
1712,21,Female,Jakarta,Java Island,3,4,4,4,3,3,2,2,4,2,1,3,2,1,1,1,1,2,2,1,1,1,1,2,2,1
1715,24,Female,Banten,Java Island,4,5,5,5,5,5,5,3,4,4,5,5,2,2,4,5,3,5,5,3,3,3,1,4,1,1
1727,18,Female,Jakarta,Java Island,4,3,4,3,3,3,4,3,2,3,2,4,4,4,3,3,2,3,3,2,3,2,1,2,2,2
1728,19,Male,Banten,Java Island,4,4,4,4,3,4,3,3,3,2,2,4,2,2,2,1,1,3,3,2,1,2,2,3,1,1
1730,19,Female,Jakarta,Java Island,4,4,4,4,4,3,3,3,4,3,2,4,3,1,3,3,2,4,3,2,3,2,4,4,2,1
1735,18,Female,Banten,Java Island,4,4,4,4,4,4,4,2,4,4,4,4,4,3,4,4,1,4,4,2,2,2,2,2,3,4
1736,18,Female,Jakarta,Java Island,4,4,4,4,4,4,4,4,4,3,3,4,4,4,3,3,4,4,4,2,2,3,2,4,1,1
1739,18,Female,Banten,Java Island,4,4,4,4,3,3,3,2,3,2,3,3,3,3,3,3,1,1,2,1,1,1,1,2,2,2
1740,21,Female,Jakarta,Java Island,4,4,4,4,4,4,4,4,3,3,2,4,2,3,3,3,3,3,4,3,2,2,1,1,1,1
1745,18,Female,Banten,Java Island,4,4,4,4,4,4,4,4,4,2,2,3,2,2,3,1,2,4,4,2,1,1,1,2,1,1
1748,19,Female,Banten,Java Island,3,4,4,4,3,3,3,4,4,3,3,3,3,3,3,2,1,4,4,1,1,1,1,2,2,1
1749,21,Female,Jakarta,Java Island,3,3,3,3,3,3,2,2,3,3,1,3,3,3,3,2,1,2,2,2,1,1,2,2,1,1
1751,22,Male,Jakarta,Java Island,4,4,4,4,2,4,4,3,4,1,3,2,2,1,4,2,1,3,1,2,2,1,1,3,1,1
1753,18,Female,Jakarta,Java Island,4,4,4,4,4,4,4,3,4,2,2,4,2,2,3,4,2,3,2,2,2,2,2,3,3,2
1756,22,Female,Jakarta,Java Island,4,4,4,4,4,4,4,2,4,3,3,4,2,1,3,2,2,3,4,3,2,2,2,3,1,1
1759,18,Female,Jakarta,Java Island,4,4,4,4,3,4,4,2,4,2,3,3,3,2,3,2,3,4,3,2,1,3,2,3,2,2
1760,18,Female,Banten,Java Island,4,4,4,4,3,3,3,3,4,3,2,4,2,3,3,2,2,3,3,2,2,3,2,3,2,2
1762,22,Female,Banten,Java Island,4,3,3,4,4,3,3,3,4,2,3,4,4,3,3,3,1,2,3,3,2,2,1,2,1,2
1766,18,Female,Jakarta,Java Island,4,4,4,4,4,4,4,3,4,4,3,4,3,3,3,2,2,3,3,2,2,4,2,2,2,2
1768,20,Female,Jakarta,Java Island,3,2,3,4,4,3,3,1,2,2,2,4,2,2,3,2,4,2,2,1,2,2,1,3,1,1
1769,19,Female,Jakarta,Java Island,3,3,3,4,4,3,3,3,4,3,3,4,3,3,4,4,3,3,3,4,3,4,4,4,4,3
1770,18,Female,Jakarta,Java Island,3,3,3,3,3,2,2,1,4,2,2,3,1,1,2,2,2,2,3,1,1,1,1,2,1,1
1772,18,Female,Jakarta,Java Island,4,4,4,4,4,4,4,2,4,3,4,4,4,4,4,3,2,4,4,2,2,2,2,4,2,1
1773,18,Female,Jakarta,Java Island,4,4,4,4,3,3,3,3,4,4,2,3,3,4,3,2,3,3,3,2,3,2,2,3,2,2
1774,19,Female,Jakarta,Java Island,3,3,2,3,3,2,3,2,4,1,3,3,2,2,3,1,2,3,3,1,1,1,1,3,1,1
1775,18,Female,Jakarta,Java Island,3,4,3,4,3,3,3,3,4,2,3,4,3,3,3,2,3,3,3,1,2,2,1,3,2,2
1776,20,Male,Banten,Java Island,4,2,3,3,3,3,3,1,1,1,1,2,2,2,1,1,1,1,2,1,1,1,1,1,1,1
1778,20,Female,Jakarta,Java Island,4,4,4,4,4,4,4,4,4,4,4,4,4,4,4,4,3,4,4,4,3,4,3,4,3,3
1779,18,Female,Jakarta,Java Island,4,4,3,4,4,4,3,4,4,4,4,4,3,2,3,2,1,2,3,2,1,2,2,4,2,1
1782,20,Female,Jakarta,Java Island,4,4,4,4,4,4,4,4,4,4,4,3,3,3,4,3,3,3,3,2,1,2,2,3,2,2
1785,22,Male,Jakarta,Java Island,3,3,3,3,3,3,3,3,3,3,2,3,2,2,2,3,2,3,2,3,2,1,3,2,2,2
1787,18,Female,Jakarta,Java Island,4,2,3,4,3,3,3,2,4,2,4,1,3,3,3,2,3,2,2,1,1,1,1,1,1,1
1793,20,Female,Jakarta,Java Island,4,3,3,3,4,3,3,3,4,3,2,3,2,3,3,2,3,3,2,2,3,2,1,1,1,1
1795,22,Female,Jakarta,Java Island,3,4,3,4,3,3,3,2,3,2,1,3,2,1,2,1,1,2,2,1,1,2,2,3,2,1
1797,18,Female,Banten,Java Island,3,2,3,2,3,4,3,3,4,3,3,2,2,3,2,1,4,3,3,1,1,1,1,2,1,1
1805,18,Female,Jakarta,Java Island,4,4,4,4,4,4,4,3,3,4,2,4,3,3,4,4,2,3,3,2,3,2,4,3,4,2
1812,21,Female,Jakarta,Java Island,4,3,4,4,3,3,3,3,3,3,2,4,3,2,2,2,2,3,3,1,2,1,1,2,1,1
1817,18,Female,Banten,Java Island,4,4,4,4,4,4,4,4,4,3,3,3,3,3,2,2,2,3,4,2,2,2,3,3,1,1
1821,22,Female,Jakarta,Java Island,4,4,4,4,4,4,4,3,4,2,2,3,3,3,3,3,2,2,3,3,2,2,2,2,1,2
1822,18,Female,Banten,Java Island,4,3,4,4,4,4,3,2,3,3,1,4,3,3,3,2,2,4,4,2,1,1,1,2,1,1
1825,18,Female,Jakarta,Java Island,4,4,4,4,3,4,4,2,4,2,3,4,2,1,1,2,2,1,3,1,1,1,1,2,1,1
1827,18,Female,Jakarta,Java Island,4,4,4,4,3,4,4,1,4,1,3,4,1,1,1,2,1,1,3,2,1,1,2,2,1,1
1833,18,Female,Jakarta,Java Island,4,4,4,4,4,4,4,4,4,4,4,4,4,4,4,3,4,4,4,3,3,3,3,4,2,1
1835,18,Female,Jakarta,Java Island,4,4,4,4,4,4,4,4,4,4,3,4,4,4,4,3,3,4,4,2,2,2,2,4,2,2
1853,22,Female,Jakarta,Java Island,4,4,3,4,4,4,3,3,4,3,3,4,3,4,2,4,3,4,2,2,2,1,1,4,2,2
1855,18,Female,Banten,Java Island,2,3,2,4,3,3,4,3,4,3,2,3,2,4,3,1,1,3,3,2,1,3,4,3,2,1
1859,18,Female,Banten,Java Island,4,4,4,4,4,4,4,3,4,3,2,4,3,3,3,2,2,3,3,2,2,1,2,3,2,1
1864,18,Female,Banten,Java Island,3,4,4,4,4,4,3,2,3,1,1,2,2,2,3,1,1,2,3,1,1,1,1,1,1,1
1868,18,Female,Banten,Java Island,4,3,4,4,3,3,3,3,4,2,3,3,3,2,3,2,3,3,4,2,2,2,2,3,2,2
1873,20,Female,Jakarta,Java Island,3,4,4,4,3,3,4,4,4,2,3,3,2,2,3,2,2,4,4,2,2,2,2,3,1,1
1876,18,Female,Banten,Java Island,4,4,4,4,4,4,4,3,4,2,2,3,3,1,4,1,2,4,3,1,2,2,3,4,3,2
1884,18,Female,Jakarta,Java Island,4,2,4,4,3,4,4,2,4,3,2,2,3,4,3,2,2,2,3,1,2,1,2,3,1,1
1889,21,Female,Jakarta,Java Island,4,4,4,4,4,3,2,2,4,2,3,2,1,2,4,2,3,1,2,1,3,1,1,4,1,1
1891,18,Female,Banten,Java Island,3,3,4,4,2,3,3,2,3,2,1,3,2,3,3,2,1,1,3,1,1,3,1,3,1,1
1892,21,Female,Jakarta,Java Island,4,4,4,4,4,4,3,3,4,1,2,3,4,2,2,4,2,4,4,4,2,3,2,4,1,1
1894,18,Female,Jakarta,Java Island,4,4,4,3,2,3,3,2,4,3,1,2,3,2,3,1,1,3,3,1,1,1,1,1,1,1
1916,18,Male,Banten,Java Island,4,2,3,3,3,3,2,2,2,2,2,2,1,1,1,1,1,3,1,1,1,1,1,1,1,1
1917,21,Female,Jakarta,Java Island,4,3,3,3,3,3,3,2,1,3,3,3,2,1,1,2,1,4,1,2,1,1,1,2,1,1
1919,22,Female,Jakarta,Java Island,4,4,4,3,3,3,4,3,3,3,3,4,2,2,3,2,1,2,3,2,1,2,3,3,2,1
1925,22,Female,Banten,Java Island,4,3,4,3,3,3,3,3,3,2,2,3,2,2,3,2,2,3,3,2,1,1,3,2,2,2
1927,21,Female,Jakarta,Java Island,4,3,3,3,3,3,3,2,2,2,2,3,3,2,3,2,1,2,4,1,2,1,1,3,2,2
1931,18,Female,Jakarta,Java Island,4,4,3,3,3,3,2,1,2,1,1,3,1,1,2,1,1,2,1,1,1,1,1,2,1,1
1934,18,Female,Jakarta,Java Island,4,4,4,4,2,3,3,3,4,3,2,3,2,2,4,3,2,1,4,1,1,2,1,3,1,1
1936,22,Female,Jakarta,Java Island,3,3,3,3,3,3,3,3,4,2,2,3,2,2,2,1,1,3,3,1,2,1,2,2,1,1
1945,19,Female,Jakarta,Java Island,4,4,3,3,3,3,3,1,3,2,1,2,3,2,3,1,2,2,3,1,1,3,1,1,3,1
1950,19,Male,Jakarta,Java Island,3,3,3,3,1,3,3,2,2,3,1,2,2,2,2,2,3,2,3,1,1,2,1,1,1,1
1955,18,Female,Jakarta,Java Island,4,4,3,3,3,3,3,2,4,1,2,3,2,2,3,1,2,1,3,1,1,1,1,3,1,1
1963,20,Female,Jakarta,Java Island,4,4,4,4,4,4,4,2,4,3,3,4,3,2,2,2,2,4,3,2,1,2,2,3,1,1
1971,22,Female,Jakarta,Java Island,3,3,3,3,2,3,3,3,2,2,2,3,1,1,1,1,1,3,2,1,1,2,3,2,3,3
1975,21,Female,Jakarta,Java Island,4,4,4,4,3,3,3,1,1,2,2,3,2,2,2,1,1,4,3,1,1,3,1,1,1,1
1977,22,Female,Jakarta,Java Island,4,4,4,4,3,3,3,3,4,3,3,3,2,3,3,3,3,4,4,2,1,1,2,2,2,2
1978,21,Female,Jakarta,Java Island,4,4,4,4,4,4,4,2,4,2,4,2,4,4,4,2,3,2,4,2,2,2,2,4,2,2
1981,18,Female,Jakarta,Java Island,2,4,4,4,3,3,4,2,4,2,1,3,3,1,1,2,1,2,1,1,1,4,1,2,1,1
1983,19,Female,Banten,Java Island,4,4,4,4,4,4,4,3,4,2,3,4,4,3,1,1,3,1,1,2,1,1,1,4,1,2
1985,18,Female,Banten,Java Island,4,4,4,4,4,4,4,3,3,3,3,4,4,3,4,4,2,4,4,3,1,1,3,4,1,1
1986,22,Female,Jakarta,Java Island,3,3,3,4,4,4,4,3,4,2,2,4,3,3,3,1,1,1,3,2,1,2,2,3,1,1
1990,18,Female,Banten,Java Island,4,4,4,4,4,3,3,2,4,2,1,4,3,3,3,2,2,1,4,1,1,2,1,3,1,1
1994,21,Female,Banten,Java Island,4,3,4,4,3,3,3,2,4,3,2,3,2,2,2,3,1,2,3,2,1,2,2,3,1,1
1998,19,Female,Banten,Java Island,4,3,4,4,3,4,4,3,3,2,2,3,2,3,3,3,3,2,2,3,2,2,1,3,1,3
1999,20,Female,Banten,Java Island,4,4,4,4,3,4,3,3,3,2,3,3,2,2,3,2,3,3,3,2,2,2,1,3,2,2
2000,20,Female,Jakarta,Java Island,4,4,4,4,4,4,4,2,4,2,2,2,2,3,3,2,2,4,3,2,1,2,3,2,1,1
2004,20,Female,Jakarta,Java Island,2,4,2,4,4,2,2,3,4,3,2,3,3,3,3,2,2,2,3,2,1,2,2,3,2,1
2006,22,Female,Jakarta,Java Island,4,4,4,4,2,4,4,4,4,3,3,3,2,2,3,3,1,4,3,2,1,1,1,2,1,1
2007,20,Female,Banten,Java Island,3,4,3,4,4,4,4,3,4,1,3,4,3,3,2,4,3,4,4,2,1,3,1,3,2,2
2010,18,Female,Jakarta,Java Island,4,4,4,4,4,3,4,3,4,2,2,3,2,3,3,2,3,2,4,2,2,3,2,3,2,2
2013,20,Female,Jakarta,Java Island,4,4,4,4,4,3,3,2,4,3,2,3,2,2,3,3,3,4,3,4,1,2,2,4,1,1
2023,22,Female,Jakarta,Java Island,1,2,2,3,3,3,1,3,4,2,3,3,2,2,3,3,3,2,3,3,3,3,2,4,2,2
2033,20,Female,Jakarta,Java Island,4,3,3,3,3,3,3,3,2,2,3,2,3,3,2,1,2,2,2,2,1,2,1,2,1,1
2035,20,Female,Jakarta,Java Island,4,4,4,4,4,4,3,3,4,2,2,3,2,2,4,1,1,2,4,1,1,2,1,2,1,2
2036,18,Female,Jakarta,Java Island,3,4,4,4,3,4,4,3,4,4,4,4,3,3,4,4,3,4,3,4,2,2,2,3,2,2
2037,22,Female,Banten,Java Island,4,4,4,4,4,4,4,4,4,3,4,4,4,3,3,4,3,4,4,3,1,1,1,4,2,2
2038,19,Female,Banten,Java Island,4,4,4,4,4,2,3,3,4,4,4,2,3,3,3,4,2,3,3,3,3,2,1,3,2,2
2039,20,Female,Jakarta,Java Island,4,4,3,3,3,2,3,2,4,3,1,3,1,2,1,2,2,1,1,1,1,1,3,2,3,1
2041,21,Female,Jakarta,Java Island,3,3,3,3,3,3,3,2,3,2,3,3,3,3,3,2,2,2,3,1,1,2,2,2,2,3
2043,18,Female,Banten,Java Island,4,3,4,4,3,4,4,3,4,3,3,4,3,4,3,3,4,4,4,3,2,1,1,4,3,1
2044,18,Female,Jakarta,Java Island,4,4,4,4,4,4,4,2,4,3,2,3,3,2,3,1,3,2,2,1,1,2,1,4,2,2
2054,18,Female,Banten,Java Island,4,4,4,4,4,3,3,3,4,3,3,4,3,4,3,3,2,3,3,3,3,2,1,2,3,3
2056,22,Female,Jakarta,Java Island,4,4,4,4,4,4,4,4,4,3,3,4,4,4,4,4,1,2,4,4,1,3,1,4,1,1
2058,21,Female,Jakarta,Java Island,4,4,4,4,3,3,3,3,4,4,3,3,3,2,2,3,2,2,2,2,2,2,2,4,2,2
2059,22,Female,Banten,Java Island,4,3,4,4,3,3,3,3,4,3,2,3,3,2,3,3,3,4,3,2,2,1,1,3,1,2
2061,22,Female,Banten,Java Island,3,3,3,3,3,3,3,3,3,2,2,3,3,3,3,2,2,3,3,2,2,2,2,2,2,2
2063,18,Female,Banten,Java Island,4,4,4,4,3,4,4,3,4,4,4,3,2,1,4,3,1,3,4,2,1,2,2,4,2,1
2077,22,Female,Jakarta,Java Island,2,3,2,3,3,2,2,2,2,2,2,2,2,1,1,1,1,2,2,1,1,1,1,2,1,1
2078,18,Female,Jakarta,Java Island,4,3,4,4,4,4,2,2,3,2,1,2,3,3,4,2,2,1,2,4,1,4,1,2,1,1
2082,19,Female,Banten,Java Island,4,4,3,3,3,3,2,2,2,1,2,3,2,1,3,1,1,4,2,1,1,3,1,1,1,1
2085,19,Female,Jakarta,Java Island,3,2,4,3,3,2,1,2,3,2,2,1,1,1,2,1,2,2,2,1,1,1,2,1,1,1
2086,19,Male,Jakarta,Java Island,3,2,4,1,1,1,4,4,3,2,2,3,1,1,1,1,3,1,2,1,1,1,1,2,1,1
2087,20,Female,Banten,Java Island,3,3,3,3,3,3,3,1,4,2,1,2,2,1,1,1,2,2,1,1,1,2,1,1,1,1
2090,20,Female,Jakarta,Java Island,3,2,2,2,2,3,3,1,1,3,1,2,1,1,1,1,1,1,1,2,1,1,1,1,1,1
2099,18,Female,Banten,Java Island,3,3,3,3,3,3,3,3,3,2,2,3,3,2,2,1,1,2,2,2,1,1,1,3,1,1
2109,18,Female,Jakarta,Java Island,1,1,1,1,1,1,1,1,1,1,1,1,1,1,1,1,1,1,1,1,1,1,1,1,1,1
2113,20,Male,Jakarta,Java Island,1,1,2,2,1,1,1,2,2,1,1,1,1,1,1,1,1,1,2,1,1,1,4,1,1,1
2117,18,Male,Jakarta,Java Island,2,4,3,3,2,2,2,3,1,2,2,2,1,1,1,1,1,3,2,1,1,3,3,2,1,1
2121,18,Male,Jakarta,Java Island,4,3,4,3,3,3,2,2,2,1,2,3,1,1,1,1,1,2,3,2,1,2,1,2,1,1
2127,18,Female,Jakarta,Java Island,1,4,1,4,4,4,2,4,4,4,3,3,2,1,1,1,1,2,4,2,1,1,1,2,2,1
2128,18,Male,Jakarta,Java Island,4,3,4,4,4,4,3,1,4,2,1,2,3,1,2,2,1,1,2,2,1,2,1,2,3,1
2133,18,Male,Banten,Java Island,4,3,3,3,3,3,3,4,2,1,1,2,1,2,2,1,3,4,3,2,2,1,1,2,1,2
2134,19,Female,Jakarta,Java Island,3,2,3,2,2,2,3,2,1,1,1,2,1,1,1,2,1,1,2,1,1,1,1,1,1,1
2135,18,Female,Banten,Java Island,4,3,3,4,4,3,3,3,3,2,2,2,2,3,3,2,2,2,3,1,1,1,1,3,2,2
2136,21,Female,Jakarta,Java Island,3,2,3,2,1,3,1,1,2,2,1,3,1,1,1,1,1,1,1,1,1,1,1,1,1,1
2140,22,Female,Banten,Java Island,2,4,3,4,3,2,2,2,4,3,1,3,1,1,2,1,1,1,1,1,1,1,1,1,1,1
2143,18,Female,Jakarta,Java Island,3,3,3,3,3,3,3,3,3,2,3,3,2,2,2,2,2,2,3,2,2,3,2,2,2,2
2147,18,Female,Jakarta,Java Island,4,4,4,4,4,2,3,3,4,1,1,4,3,2,3,2,3,4,3,2,1,1,1,3,2,1
2148,18,Female,Banten,Java Island,3,3,3,4,2,3,2,2,3,1,2,3,2,2,2,2,1,3,3,1,1,1,1,2,2,1
2150,22,Male,Jakarta,Java Island,2,1,2,2,1,1,1,2,1,1,1,1,1,1,1,1,1,1,1,1,1,1,1,1,1,1
2153,18,Male,Jakarta,Java Island,2,2,2,2,2,2,2,4,4,4,3,3,3,4,3,3,3,3,3,2,2,3,3,3,3,3
2159,20,Female,Jakarta,Java Island,4,4,4,4,3,3,4,2,4,3,4,4,3,1,4,1,2,3,3,3,1,1,1,3,1,1
2163,19,Male,Jakarta,Java Island,3,2,2,2,2,2,1,2,1,4,1,3,1,1,1,2,1,1,1,2,1,2,2,2,1,1
2164,18,Female,Jakarta,Java Island,3,3,3,3,2,3,3,2,3,2,2,2,2,1,3,1,1,1,3,1,1,1,1,3,1,1
2179,18,Female,Jakarta,Java Island,3,3,3,3,2,3,2,3,4,2,1,3,2,1,3,3,1,2,3,1,1,1,1,3,1,1
2183,18,Male,Jakarta,Java Island,2,3,4,4,2,3,1,3,3,3,1,3,2,2,2,1,2,1,4,1,1,1,1,2,1,1
2184,18,Female,Jakarta,Java Island,4,3,4,4,3,3,4,4,4,4,3,3,2,2,1,2,1,2,2,1,1,1,1,1,1,1
2186,19,Female,Jakarta,Java Island,3,2,3,3,2,3,1,2,3,3,2,3,3,2,3,1,1,2,3,1,1,2,1,1,1,1
2194,18,Female,Jakarta,Java Island,4,4,4,4,3,3,2,3,2,2,3,3,3,2,2,4,1,4,3,2,1,2,3,4,1,1
2197,18,Female,Jakarta,Java Island,3,3,3,3,3,2,3,3,4,2,2,3,3,1,2,1,2,2,3,2,1,2,2,2,1,2
2198,18,Female,Banten,Java Island,3,3,4,4,3,3,3,3,3,2,2,3,3,3,3,2,2,3,3,2,2,2,2,3,2,2
2201,20,Male,Jakarta,Java Island,2,1,1,1,1,1,2,2,2,2,1,2,1,1,1,1,1,2,1,1,1,1,1,1,1,1
2203,18,Female,Banten,Java Island,4,3,3,4,4,4,1,2,4,4,4,4,3,3,4,4,3,1,4,2,1,2,2,2,1,1
2205,21,Male,Jakarta,Java Island,4,4,3,4,3,3,2,2,3,2,2,3,2,3,4,2,2,2,3,2,2,3,1,2,1,1
2212,18,Female,Banten,Java Island,3,4,4,4,4,4,4,2,4,2,3,4,4,3,2,2,4,3,4,1,1,3,2,3,2,1
2216,20,Female,Jakarta,Java Island,3,3,3,3,3,3,3,3,3,1,1,2,1,1,3,1,1,1,3,1,1,2,1,1,1,1
2218,18,Male,Jakarta,Java Island,3,3,3,3,1,1,2,2,2,1,1,2,3,2,3,1,2,2,2,1,2,3,1,2,1,1
2219,18,Female,Jakarta,Java Island,4,3,4,3,3,2,1,2,2,2,1,1,1,1,1,1,1,1,3,1,1,1,2,2,2,1
2220,18,Male,Jakarta,Java Island,3,3,4,2,2,1,1,2,3,2,1,3,2,2,2,1,2,1,4,1,2,1,1,1,1,1
2227,21,Female,Jakarta,Java Island,4,4,4,4,4,4,4,4,4,4,4,4,3,3,4,3,4,4,4,4,3,1,2,4,3,2
2230,18,Female,Jakarta,Java Island,3,3,3,4,3,4,3,1,2,1,1,1,2,1,1,1,3,1,1,1,1,1,1,1,1,1
2233,18,Male,Jakarta,Java Island,3,2,3,2,1,2,2,2,4,2,1,1,1,1,1,1,1,1,2,1,1,1,2,2,1,1
2235,18,Male,Jakarta,Java Island,1,1,1,1,2,1,1,2,1,1,1,1,1,1,2,1,1,1,1,1,1,2,1,1,1,1
2239,18,Female,Jakarta,Java Island,4,4,4,4,4,4,4,3,4,3,3,3,4,3,4,3,4,3,4,4,2,1,3,3,1,2
2241,22,Female,Jakarta,Java Island,3,3,3,3,2,3,2,3,2,2,2,3,3,2,2,2,2,2,3,1,1,1,3,2,1,1
2242,19,Female,Jakarta,Java Island,2,3,3,3,3,2,3,2,3,2,1,3,2,2,2,1,1,2,2,1,1,1,2,2,1,1
2245,19,Female,Jakarta,Java Island,3,3,3,4,3,3,3,3,3,2,2,3,3,3,3,1,1,2,3,1,1,3,2,3,2,3
2249,18,Female,Jakarta,Java Island,4,4,3,4,3,3,4,3,4,3,3,3,3,3,4,4,1,3,3,2,1,3,3,3,2,2
2254,19,Female,Banten,Java Island,4,3,3,2,2,2,3,3,2,3,2,3,3,1,3,2,1,2,3,2,1,3,4,2,1,1
2256,18,Female,Jakarta,Java Island,3,2,2,3,2,3,3,2,2,2,2,3,3,2,2,2,2,3,3,2,2,2,2,2,2,2
2262,18,Female,Banten,Java Island,4,3,4,4,4,3,4,2,3,3,2,4,4,4,4,3,3,4,4,3,2,2,2,3,2,2
2271,18,Female,Jakarta,Java Island,2,3,3,2,2,2,3,2,2,1,2,2,2,1,3,2,1,3,2,1,1,1,1,2,1,1
2283,21,Female,Banten,Java Island,3,2,3,3,2,3,2,2,3,2,2,2,2,2,2,2,2,2,1,2,2,2,1,2,1,1
2286,19,Male,Jakarta,Java Island,1,1,1,1,1,1,1,1,1,1,1,2,1,1,1,1,1,1,1,1,1,2,1,1,1,1
2287,18,Female,Jakarta,Java Island,3,3,2,1,1,1,2,3,3,1,2,1,1,1,1,1,1,2,2,1,1,3,1,1,1,1
2288,21,Female,Jakarta,Java Island,4,4,4,4,4,4,4,3,4,2,4,3,4,2,2,3,4,3,3,2,3,2,1,3,1,1
2291,18,Female,Jakarta,Java Island,4,2,3,3,3,4,4,2,4,1,2,1,3,4,4,1,3,2,4,1,1,1,1,1,1,1
2296,18,Female,Jakarta,Java Island,3,2,4,3,2,3,3,4,2,1,2,3,3,2,2,1,1,1,1,1,1,1,1,1,1,1
2297,18,Female,Jakarta,Java Island,4,4,4,4,4,4,4,3,3,2,2,4,2,2,4,2,3,3,4,2,1,2,1,2,1,1
2308,18,Female,Jakarta,Java Island,3,2,3,3,1,3,3,2,3,1,1,1,1,1,2,1,1,3,1,1,1,1,1,1,1,1
2311,18,Male,Banten,Java Island,4,4,1,4,4,4,4,4,4,4,4,4,4,4,4,4,4,4,4,4,4,4,4,4,4,4
2319,18,Female,Banten,Java Island,3,3,3,3,3,3,3,3,3,2,2,3,3,2,2,1,1,2,2,2,1,1,1,3,1,1
2322,20,Female,Jakarta,Java Island,3,4,4,4,4,4,4,2,4,2,4,4,2,3,2,2,2,2,2,1,1,1,1,3,3,3
2331,19,Female,Jakarta,Java Island,4,4,4,4,4,3,3,4,4,3,1,4,3,2,3,1,1,3,4,2,2,3,3,2,1,1
2334,19,Female,Jakarta,Java Island,4,4,4,3,3,2,3,3,4,3,2,3,3,2,3,1,2,1,3,1,1,2,1,1,1,1
2337,18,Female,Jakarta,Java Island,3,2,3,3,2,3,2,1,2,2,2,2,1,1,1,1,1,2,1,2,1,1,1,1,1,1
2338,18,Female,Jakarta,Java Island,4,4,4,4,4,4,4,3,3,2,2,4,3,3,3,2,2,2,3,1,1,1,1,3,1,1
2343,18,Female,Jakarta,Java Island,2,3,3,2,2,3,3,2,3,2,2,3,2,2,2,2,2,3,3,1,1,1,1,2,1,1
2344,22,Female,Jakarta,Java Island,3,3,3,3,3,3,3,2,3,3,2,2,3,2,2,2,2,2,3,2,1,2,2,2,1,1
2346,22,Male,Jakarta,Java Island,3,3,3,3,2,2,3,1,2,1,2,2,1,1,2,1,1,1,2,1,1,1,1,1,1,1
2349,20,Female,Jakarta,Java Island,3,2,3,2,2,3,3,3,3,2,2,3,1,1,2,1,1,2,3,1,1,1,2,1,1,1
2350,22,Female,Jakarta,Java Island,3,4,4,4,4,4,3,2,4,3,2,4,3,2,2,2,2,2,3,3,1,2,1,3,3,1
2351,19,Female,Jakarta,Java Island,4,4,4,4,4,4,3,3,4,4,4,4,4,4,4,4,3,2,4,3,2,2,1,3,3,2
2352,21,Female,Banten,Java Island,3,3,3,3,3,3,3,2,3,2,2,3,3,3,3,2,3,3,3,3,1,2,1,3,1,1
2356,20,Female,Banten,Java Island,3,3,3,4,4,4,3,3,4,2,4,3,3,3,3,3,3,2,4,2,2,1,1,3,2,1
2360,22,Female,Banten,Java Island,4,3,4,3,3,3,4,3,3,3,2,2,2,2,2,1,1,3,2,2,1,2,2,2,1,1
2366,21,Female,Banten,Java Island,4,4,4,4,4,4,3,3,4,2,4,4,2,2,2,3,1,4,3,2,1,2,1,1,1,1
2367,18,Female,Banten,Java Island,4,4,4,4,3,3,4,2,4,2,2,3,2,2,1,1,3,1,2,2,1,1,2,2,1,1
2369,21,Female,Banten,Java Island,4,4,4,4,3,3,4,2,4,2,2,3,3,3,3,1,2,1,3,1,1,1,2,3,1,2
2371,22,Female,Banten,Java Island,4,4,4,4,3,3,4,1,3,2,2,4,2,2,3,1,4,4,2,1,1,1,4,3,1,1
2372,18,Female,Banten,Java Island,4,4,4,4,3,4,4,2,4,2,3,4,3,2,3,2,1,3,3,2,1,1,1,2,4,2
2373,18,Female,Jakarta,Java Island,3,3,3,3,3,3,3,4,3,2,2,3,3,4,4,1,1,2,3,2,1,1,1,2,2,2
2374,18,Female,Jakarta,Java Island,3,2,3,2,3,3,3,3,2,2,2,3,2,2,3,2,2,3,3,2,2,2,2,2,2,2
2375,18,Female,Jakarta,Java Island,3,4,3,3,3,2,2,2,3,3,2,2,1,1,2,1,1,2,2,1,1,1,1,2,1,1
2376,18,Female,Banten,Java Island,4,4,4,4,4,4,4,4,4,3,3,4,4,4,4,4,3,3,3,2,2,2,1,4,1,1
2381,21,Female,Jakarta,Java Island,4,4,4,4,3,3,3,4,4,3,3,3,3,3,3,3,2,2,2,2,2,2,1,2,1,1
2382,21,Female,Jakarta,Java Island,1,3,1,3,2,1,3,3,2,2,3,3,3,3,3,3,3,2,3,2,1,1,1,2,1,1
2384,20,Female,Jakarta,Java Island,3,3,3,4,3,3,3,3,4,3,1,4,2,3,4,3,2,1,3,1,2,2,2,3,2,2
2388,18,Female,Jakarta,Java Island,1,2,2,3,2,2,1,1,1,1,1,3,1,1,1,1,1,1,1,1,1,1,1,1,1,1
2389,20,Female,Banten,Java Island,4,4,4,4,3,3,4,4,4,4,4,3,3,2,2,4,2,3,3,2,1,2,4,4,2,3
2397,19,Female,Jakarta,Java Island,4,3,3,3,3,4,3,4,4,3,4,3,2,1,3,1,2,2,3,1,2,1,1,2,2,2
2400,18,Female,Banten,Java Island,3,4,3,3,4,3,3,2,4,2,3,3,3,2,2,1,2,4,3,2,2,3,1,2,3,1
2411,19,Female,Jakarta,Java Island,2,3,2,3,3,3,3,1,3,2,2,3,3,2,2,2,2,3,2,1,1,2,1,1,1,1
2415,20,Female,Jakarta,Java Island,3,3,3,3,2,3,3,3,4,2,2,2,2,3,3,2,1,2,3,1,1,1,1,3,3,1
2417,21,Female,Jakarta,Java Island,3,3,3,3,3,3,4,2,3,2,2,3,2,3,3,2,2,2,3,2,1,1,1,2,1,1
2421,19,Female,Jakarta,Java Island,2,3,3,3,2,3,4,3,2,4,1,3,1,1,1,1,1,3,3,1,1,2,3,2,1,2
2424,22,Female,Banten,Java Island,2,3,3,3,3,2,1,4,4,1,4,4,3,3,3,2,2,1,3,1,2,1,1,3,1,1
2425,18,Female,Jakarta,Java Island,4,3,4,4,3,3,4,3,4,3,3,3,3,3,3,2,3,2,3,2,2,2,2,3,3,2
2428,18,Female,Jakarta,Java Island,4,4,4,4,4,4,4,3,4,3,3,4,4,3,3,3,3,2,3,2,2,3,1,3,2,2
2438,21,Female,Jakarta,Java Island,4,4,4,4,4,4,4,4,4,4,4,4,4,4,4,4,4,3,4,4,3,4,2,4,2,2
2447,22,Female,Jakarta,Java Island,3,4,3,4,3,3,3,3,4,3,3,3,3,2,3,2,2,3,3,2,2,2,2,3,3,2
2450,20,Female,Jakarta,Java Island,3,4,4,4,2,3,3,2,4,2,2,3,3,2,1,1,2,4,3,1,1,1,1,2,1,1
2455,19,Female,Jakarta,Java Island,4,4,4,4,4,4,4,2,4,3,2,4,2,4,4,3,3,4,4,2,2,1,1,3,1,1
2458,20,Female,Banten,Java Island,4,4,4,4,3,4,4,3,4,3,2,4,4,3,4,2,1,1,4,1,1,1,1,1,2,2
2469,18,Female,Jakarta,Java Island,4,4,4,4,4,4,4,2,2,2,2,4,3,2,3,3,2,2,3,2,1,2,1,3,2,1
2473,20,Female,Jakarta,Java Island,4,4,4,4,4,2,4,1,4,4,4,4,4,4,4,4,2,4,1,4,1,1,1,4,1,1
2474,19,Female,Banten,Java Island,4,4,4,4,4,4,4,3,4,3,2,4,2,2,3,3,2,3,3,3,2,4,1,3,1,3
2481,18,Female,Jakarta,Java Island,3,3,3,4,3,3,3,3,4,3,2,3,2,2,2,2,3,3,2,2,1,2,1,2,1,3
2482,19,Female,Jakarta,Java Island,4,4,3,4,4,3,4,3,4,3,2,4,3,3,2,2,3,4,4,3,1,1,1,4,3,3
2485,18,Female,Banten,Java Island,4,4,4,4,4,4,4,3,4,3,1,4,4,4,4,1,1,2,4,1,1,1,1,4,1,1
2493,20,Female,Banten,Java Island,4,4,4,4,3,4,4,4,4,3,3,3,3,3,3,3,2,3,3,1,1,2,2,2,1,1
2494,18,Female,Banten,Java Island,4,4,4,4,4,4,4,4,4,2,4,4,3,3,4,3,1,3,4,1,1,1,1,4,2,3
2496,18,Female,Banten,Java Island,3,3,3,4,4,4,3,2,4,2,2,2,2,2,3,2,3,1,2,2,1,1,1,2,1,1
2497,21,Female,Jakarta,Java Island,4,4,4,4,4,4,4,4,4,3,4,4,3,2,4,4,2,4,4,4,2,2,4,4,4,4
2503,18,Female,Jakarta,Java Island,3,3,3,4,2,3,3,3,4,2,2,3,3,2,3,2,1,2,3,1,2,1,1,3,2,1
2515,22,Female,Jakarta,Java Island,4,4,3,4,3,3,2,3,4,3,2,3,3,2,3,2,3,3,3,2,1,1,1,2,1,1
2518,22,Female,Jakarta,Java Island,4,4,4,4,3,4,4,3,4,3,4,2,2,2,3,2,2,3,3,2,1,1,1,2,2,3
2519,20,Female,Banten,Java Island,4,4,4,3,2,3,2,3,4,2,2,3,3,3,2,1,2,1,3,1,1,1,1,2,3,1
2525,18,Female,Jakarta,Java Island,2,4,3,3,3,3,2,1,4,3,2,4,3,3,4,4,4,2,3,4,2,2,4,4,2,2
2527,18,Female,Banten,Java Island,3,3,4,4,3,3,3,3,4,3,3,3,1,2,2,1,1,3,3,1,1,1,1,2,1,1
2528,18,Female,Jakarta,Java Island,4,4,4,4,4,4,2,3,4,2,2,4,2,2,4,3,2,2,3,1,2,1,1,2,2,1
2529,18,Female,Jakarta,Java Island,4,4,4,4,4,4,2,3,4,2,2,4,2,2,4,3,2,2,3,1,2,1,1,2,2,1
2533,18,Female,Banten,Java Island,3,2,3,4,3,4,3,4,2,2,3,3,3,3,3,3,3,2,3,1,2,1,1,2,1,1
2534,18,Female,Jakarta,Java Island,2,4,2,4,3,2,3,3,4,3,2,3,3,3,4,2,3,2,3,3,2,2,2,3,2,2
2538,18,Female,Jakarta,Java Island,2,4,2,4,4,4,1,1,4,1,2,2,1,3,4,1,1,2,4,1,1,1,1,3,1,1
2539,22,Female,Jakarta,Java Island,4,3,4,3,3,3,3,3,4,3,2,3,3,2,3,2,3,3,3,1,1,2,1,3,1,1
2540,22,Female,Jakarta,Java Island,4,3,3,4,4,4,4,2,3,3,3,3,4,3,3,2,3,2,2,3,2,2,1,3,1,2
2542,18,Female,Banten,Java Island,4,4,4,4,3,4,4,3,4,3,3,3,2,2,4,1,1,1,3,1,1,1,1,2,1,1
2543,19,Female,Banten,Java Island,4,4,4,4,3,3,3,3,3,3,3,3,3,3,3,2,2,3,2,2,2,2,1,3,1,1
2545,22,Female,Jakarta,Java Island,3,3,3,4,3,3,3,3,3,1,3,3,3,3,3,2,1,3,3,2,1,1,1,3,2,1
2548,18,Female,Jakarta,Java Island,3,3,3,3,3,3,2,3,3,3,3,2,2,2,3,2,2,2,3,2,2,4,3,2,2,2
2549,18,Female,Jakarta,Java Island,4,4,4,3,2,4,3,3,4,2,2,4,3,2,4,2,2,3,3,1,1,2,2,3,2,2
2550,21,Female,Jakarta,Java Island,3,3,4,3,3,3,3,1,3,3,3,3,2,2,2,1,1,3,2,1,1,2,1,2,2,2
2551,18,Female,Jakarta,Java Island,3,3,3,3,3,3,3,4,4,2,3,3,3,2,2,2,3,3,3,1,1,2,1,3,1,1
2553,18,Female,Jakarta,Java Island,3,3,3,3,3,2,3,2,3,2,2,3,2,2,2,2,2,2,2,2,2,2,2,2,2,2
2560,18,Female,Jakarta,Java Island,3,3,3,3,4,3,3,3,4,2,3,3,3,3,1,3,1,3,4,2,2,2,1,4,2,2
2561,18,Female,Jakarta,Java Island,4,4,4,4,4,4,4,2,4,2,1,4,1,1,3,2,1,2,2,1,1,1,1,3,1,1
2567,18,Female,Jakarta,Java Island,4,4,4,4,3,3,3,2,3,2,2,2,3,3,3,3,2,3,3,1,1,1,1,2,1,2
2568,22,Female,Jakarta,Java Island,4,4,4,4,4,4,4,4,4,3,4,4,4,1,1,4,3,2,1,3,1,2,1,2,1,1
2570,18,Female,Jakarta,Java Island,4,3,4,4,2,4,3,3,4,2,3,3,3,2,3,2,1,1,3,1,1,1,1,3,2,1
2571,19,Female,Banten,Java Island,4,3,4,4,3,3,4,2,4,2,2,3,2,1,2,2,1,2,2,2,1,1,2,2,1,1
2572,18,Female,Jakarta,Java Island,3,4,3,3,3,3,3,3,2,2,2,2,1,2,1,1,1,2,1,1,1,3,1,2,1,1
2585,22,Female,Jakarta,Java Island,3,4,3,3,3,3,3,2,3,2,2,3,2,2,3,2,2,3,3,2,1,2,1,2,2,2
2589,18,Female,Banten,Java Island,4,4,4,4,4,4,2,3,4,4,4,4,4,2,2,2,2,1,4,1,1,1,1,2,1,2
2592,19,Female,Jakarta,Java Island,4,3,4,3,2,3,3,2,2,1,1,3,1,1,2,1,1,1,3,1,1,2,1,1,1,1
2594,22,Female,Banten,Java Island,4,4,4,4,2,4,4,3,3,2,1,3,2,2,3,2,1,3,3,2,1,3,4,3,2,1
2595,21,Female,Banten,Java Island,2,3,2,3,4,3,3,3,2,3,2,3,4,3,3,3,2,3,3,2,2,4,3,3,2,2
2603,20,Female,Jakarta,Java Island,3,1,3,3,2,3,2,3,1,2,2,2,2,1,3,1,3,1,3,1,2,2,1,2,1,1
2605,18,Female,Banten,Java Island,4,4,4,4,2,4,4,2,4,1,2,3,1,1,3,4,2,1,3,1,1,1,1,2,2,1
2609,18,Female,Banten,Java Island,4,4,4,4,4,4,4,3,4,1,2,4,4,2,4,1,1,2,4,1,1,1,1,2,1,1
2613,18,Female,Banten,Java Island,3,3,3,3,2,1,1,3,2,1,1,2,1,1,2,1,1,1,1,1,1,1,2,4,1,1
2614,21,Female,Banten,Java Island,3,3,3,3,3,2,3,3,2,2,3,2,2,2,2,1,1,2,2,1,1,1,1,2,1,1
2617,18,Female,Banten,Java Island,2,3,3,3,2,3,2,2,4,2,2,3,3,3,2,2,2,2,2,2,2,2,2,2,2,2
2620,21,Female,Jakarta,Java Island,4,3,4,4,3,4,3,3,4,2,2,3,2,2,3,2,2,2,3,1,1,1,1,3,2,1
2621,21,Female,Banten,Java Island,3,4,4,4,4,3,3,3,4,3,2,3,1,1,2,1,1,2,2,1,1,1,1,2,1,1
2622,18,Female,Banten,Java Island,3,2,3,3,2,3,1,2,3,1,2,3,1,2,1,2,2,2,2,2,1,1,2,2,1,1
2624,16,Female,Banten,Java Island,4,4,4,4,3,4,4,3,3,1,3,4,3,3,3,2,2,3,3,2,1,1,2,3,2,1
2626,15,Female,Banten,Java Island,4,4,4,4,4,4,4,3,4,3,2,4,3,3,3,2,2,3,4,2,2,2,2,3,2,2
2629,17,Female,Jakarta,Java Island,4,4,4,4,3,4,3,3,4,3,2,4,3,2,3,2,1,3,2,2,1,2,3,3,1,2
2630,15,Female,Jakarta,Java Island,3,4,4,4,4,2,4,4,4,3,2,4,4,3,3,3,3,2,4,2,3,2,3,4,3,1
2631,16,Female,Jakarta,Java Island,3,2,4,3,4,3,2,2,2,1,1,2,3,3,2,1,2,3,3,1,2,2,1,2,1,1
2633,15,Female,Banten,Java Island,2,3,3,3,3,4,3,3,4,1,1,3,2,1,2,2,1,1,2,2,1,1,1,1,1,1
2635,16,Female,Banten,Java Island,3,3,3,3,3,3,3,3,3,2,2,3,2,2,2,2,2,2,2,1,1,1,2,2,2,2
2644,16,Female,Banten,Java Island,3,3,3,3,4,3,3,2,2,2,3,3,3,3,3,2,1,3,3,1,1,1,1,3,2,3
2646,13,Female,Jakarta,Java Island,3,3,3,4,2,2,3,2,4,2,3,3,3,4,2,2,2,1,3,2,1,1,1,4,1,1
2647,16,Female,Jakarta,Java Island,3,3,3,3,3,3,3,1,3,2,2,3,3,2,3,1,1,2,3,1,2,1,2,3,1,1
2648,15,Female,Jakarta,Java Island,4,3,4,4,3,3,4,2,3,3,2,4,2,3,2,3,1,4,3,4,1,1,2,4,1,2
2650,14,Female,Banten,Java Island,3,3,3,3,3,3,3,3,4,2,2,2,3,3,3,1,2,2,3,1,1,1,1,2,1,1
2651,16,Female,Banten,Java Island,4,4,4,4,3,3,4,3,4,3,3,3,4,3,4,2,1,3,4,1,1,2,2,3,1,2
2652,14,Female,Jakarta,Java Island,4,4,3,4,3,3,3,3,3,2,3,3,3,3,3,3,3,2,3,2,2,2,2,3,2,2
2658,12,Female,Jakarta,Java Island,3,3,3,3,3,3,3,3,3,2,2,2,3,3,3,2,2,3,3,2,2,2,2,3,2,2
2659,16,Female,Jakarta,Java Island,3,4,4,4,3,4,4,2,4,4,2,3,3,2,3,4,3,2,4,2,2,2,1,4,1,1
2668,15,Female,Banten,Java Island,3,4,4,4,4,4,4,2,3,2,2,4,3,3,2,2,2,3,3,2,1,1,1,2,1,1
2672,17,Female,Jakarta,Java Island,4,4,3,4,4,4,3,4,4,2,3,4,4,3,4,2,4,2,4,2,2,1,1,3,1,1
2675,15,Female,Jakarta,Java Island,4,4,4,4,4,3,4,2,4,4,1,4,3,3,1,3,3,4,4,2,1,2,1,3,1,1
2677,17,Female,Jakarta,Java Island,3,3,4,3,2,3,3,3,4,3,2,2,2,3,3,1,1,4,2,1,2,2,1,3,2,2
2689,17,Female,Jakarta,Java Island,3,3,3,4,3,3,3,3,3,3,2,3,3,3,3,2,2,1,3,1,1,2,2,3,2,1
2694,15,Female,Jakarta,Java Island,4,3,4,3,3,3,3,3,4,3,2,3,2,2,3,2,2,1,2,1,1,1,1,2,1,1
2703,17,Female,Banten,Java Island,4,4,4,4,3,3,4,2,4,2,2,3,3,2,2,1,3,1,3,2,1,1,1,3,1,1
2711,16,Female,Banten,Java Island,4,4,4,4,4,4,4,4,4,3,3,3,4,4,2,3,3,4,4,2,2,1,2,2,2,1
2713,17,Female,Banten,Java Island,4,4,4,4,3,3,3,2,3,1,4,2,2,3,3,4,2,1,4,1,2,2,1,4,3,4
2718,17,Female,Jakarta,Java Island,4,4,3,4,3,3,3,2,3,3,2,4,3,3,2,3,1,4,2,2,1,2,1,2,2,2
2720,14,Female,Jakarta,Java Island,4,4,4,4,3,3,3,3,1,2,1,3,2,2,3,1,1,2,3,1,2,3,1,3,2,1
2722,16,Female,Jakarta,Java Island,3,3,3,3,3,3,2,1,3,2,1,3,2,2,2,2,1,2,3,2,1,1,2,3,1,1
2724,17,Male,Jakarta,Java Island,4,4,3,4,2,3,3,4,1,2,3,4,3,3,3,3,1,2,2,1,1,2,2,2,1,1
2729,17,Female,Banten,Java Island,2,2,2,2,2,2,2,2,2,2,2,2,2,2,2,2,2,1,2,1,1,1,2,2,2,1
2730,16,Female,Jakarta,Java Island,3,1,3,3,2,2,1,3,2,1,1,4,2,3,2,1,1,1,2,1,1,2,4,2,1,1
2741,17,Female,Jakarta,Java Island,3,3,3,3,3,3,3,2,3,1,1,1,1,1,1,1,1,3,3,1,1,1,1,2,1,1
2742,17,Female,Jakarta,Java Island,3,3,3,3,3,3,3,2,3,3,2,3,3,2,3,2,2,2,3,2,2,2,2,3,2,2
2744,16,Female,Banten,Java Island,3,3,3,3,3,3,3,3,3,2,2,3,2,3,3,2,2,3,3,3,1,2,2,2,2,3
2752,17,Female,Jakarta,Java Island,4,3,3,4,3,3,2,2,3,3,2,3,2,4,4,3,1,2,3,2,2,1,3,3,3,2
2758,17,Female,Jakarta,Java Island,4,3,4,3,3,3,3,2,3,1,2,3,3,2,3,1,1,3,3,2,2,2,3,2,2,2
2764,16,Female,Jakarta,Java Island,4,3,4,2,3,3,4,2,3,2,1,3,2,1,2,1,1,1,3,1,1,1,1,1,1,1
2765,15,Male,Jakarta,Java Island,3,2,3,4,2,2,3,2,3,2,3,2,2,2,3,1,1,3,2,2,1,1,2,3,1,1
2768,16,Male,Banten,Java Island,3,3,3,3,3,3,2,1,2,2,2,4,2,2,3,1,1,2,3,1,1,1,1,2,2,1
2769,16,Female,Jakarta,Java Island,3,3,3,3,3,3,3,3,4,3,3,3,2,1,2,2,2,2,3,2,1,1,1,3,2,1
2772,15,Female,Banten,Java Island,4,3,4,4,4,3,3,3,2,2,3,4,3,2,2,3,3,3,3,3,2,2,2,3,2,2
2775,17,Male,Jakarta,Java Island,4,3,3,3,3,3,2,2,2,1,2,3,1,1,2,1,4,2,3,3,1,2,1,1,3,1
2777,17,Female,Jakarta,Java Island,3,2,3,3,3,1,3,2,3,1,2,1,1,1,1,1,1,3,2,1,1,1,1,1,1,1
2783,16,Female,Banten,Java Island,4,4,4,4,4,4,3,1,3,1,1,3,1,1,3,1,1,1,3,3,1,1,2,4,3,1
2785,17,Female,Jakarta,Java Island,3,3,3,3,2,3,3,2,3,2,2,2,2,2,2,2,2,2,3,2,1,1,3,2,2,2
2787,16,Male,Jakarta,Java Island,3,3,3,3,3,4,3,4,3,2,3,3,2,2,3,3,1,2,2,2,1,1,2,2,2,1
2796,16,Female,Jakarta,Java Island,3,3,3,3,2,3,3,2,3,2,1,2,2,2,2,1,1,3,3,2,1,2,1,2,1,1
2799,17,Female,Jakarta,Java Island,4,4,4,3,4,4,4,3,4,3,4,4,4,4,4,4,3,4,4,4,3,2,4,4,2,1
2803,14,Female,Jakarta,Java Island,3,3,3,4,2,3,1,3,3,2,1,1,1,1,1,1,1,1,3,1,1,1,2,3,1,1
2809,16,Female,Jakarta,Java Island,3,3,3,4,3,3,3,2,3,2,2,3,3,2,2,2,2,2,3,2,2,2,3,3,1,1
2817,17,Male,Jakarta,Java Island,4,2,3,3,2,4,2,2,1,1,1,2,1,1,2,2,2,4,2,2,1,2,1,3,1,1
2819,15,Female,Jakarta,Java Island,3,3,4,3,2,3,3,1,1,1,3,2,3,3,3,2,3,1,3,1,1,1,1,3,1,1
2826,17,Female,Jakarta,Java Island,3,3,3,3,3,3,4,3,3,2,2,3,3,2,3,2,2,1,4,2,2,2,2,2,2,2
2827,15,Female,Jakarta,Java Island,4,3,4,3,4,4,4,2,1,2,3,2,3,1,3,1,3,2,1,2,2,4,3,3,1,1
2833,16,Female,Banten,Java Island,4,2,3,1,1,2,1,2,1,1,1,3,1,1,1,1,1,1,1,2,1,1,1,1,1,1
2834,15,Female,Jakarta,Java Island,3,4,3,3,3,3,3,3,4,2,3,3,3,3,3,2,2,2,4,1,1,2,2,3,2,2
2835,16,Female,Banten,Java Island,4,4,4,4,4,4,4,1,1,3,1,4,1,1,2,1,1,3,1,1,2,1,1,2,1,1
2836,17,Female,Jakarta,Java Island,4,4,4,4,4,3,2,3,4,2,2,2,3,2,4,2,2,4,4,2,1,1,1,3,1,1
2844,13,Female,Banten,Java Island,4,4,4,4,4,4,1,4,3,2,1,4,4,4,4,4,1,4,4,4,1,1,2,4,1,1
2845,16,Female,Jakarta,Java Island,4,2,3,4,1,3,1,2,2,2,2,2,1,1,2,1,1,3,2,1,1,1,1,1,1,1
2847,15,Female,Jakarta,Java Island,3,3,3,3,3,3,3,3,3,1,1,3,2,2,2,1,1,2,3,1,1,2,1,2,1,1
2855,15,Female,Jakarta,Java Island,3,2,3,2,2,2,1,1,2,1,1,2,1,2,2,1,1,1,3,1,1,1,1,1,1,1
2858,17,Female,Jakarta,Java Island,3,3,4,3,3,3,3,3,3,2,3,3,2,3,3,2,2,3,3,2,2,2,2,3,2,3
2864,17,Female,Jakarta,Java Island,3,2,3,3,3,3,2,2,2,2,1,2,1,1,1,1,1,2,3,1,1,1,1,2,1,1
2866,16,Female,Jakarta,Java Island,3,3,3,3,3,3,2,2,3,3,2,3,2,2,3,2,2,2,3,2,1,1,2,2,3,2
2874,14,Female,Jakarta,Java Island,3,2,3,3,2,3,3,3,4,3,3,2,3,4,2,1,2,3,2,1,2,1,1,1,1,1
2877,14,Female,Jakarta,Java Island,3,2,4,3,2,2,3,1,1,1,1,3,1,1,1,1,1,1,1,1,1,1,1,1,1,1
2878,15,Male,Banten,Java Island,3,3,4,4,4,4,4,4,4,2,3,1,1,1,2,2,1,4,3,4,1,2,4,2,4,2
2882,16,Male,Jakarta,Java Island,3,3,3,3,2,2,2,1,2,1,1,2,2,1,1,1,2,1,1,1,1,1,1,2,1,1
2884,16,Female,Banten,Java Island,3,3,3,2,2,2,3,2,2,2,2,3,2,2,2,2,2,2,2,1,1,2,1,1,1,1
2886,16,Female,Jakarta,Java Island,4,3,4,3,3,3,3,3,3,4,2,3,2,2,2,2,1,2,3,2,1,2,2,3,1,1
2891,14,Female,Banten,Java Island,4,4,4,4,3,2,3,3,2,1,2,2,3,2,4,1,3,3,3,2,1,3,1,4,1,1
2894,17,Female,Banten,Java Island,4,3,4,4,3,4,2,4,3,3,2,2,2,2,2,2,4,3,4,1,1,1,1,3,2,4
2900,16,Female,Banten,Java Island,3,3,3,3,3,3,3,3,4,3,1,3,1,2,1,1,2,1,1,1,1,1,1,2,1,1
2903,16,Female,Banten,Java Island,2,2,2,3,2,2,1,2,3,2,2,2,2,2,2,1,1,2,2,1,1,1,1,2,1,1
2908,15,Female,Jakarta,Java Island,4,3,4,3,2,3,4,3,3,2,2,2,3,2,3,2,2,3,3,2,2,2,2,3,2,2
2912,16,Female,Banten,Java Island,4,4,4,4,4,3,3,2,3,2,2,2,3,3,3,1,2,1,3,1,2,1,1,3,1,1
2913,17,Female,Jakarta,Java Island,4,4,4,4,4,4,4,2,3,2,1,4,2,2,3,2,1,1,2,1,2,1,1,3,1,1
2914,17,Female,Jakarta,Java Island,4,4,4,4,4,3,2,3,4,2,3,2,4,4,3,2,2,3,4,2,1,2,1,3,1,2
2919,15,Female,Jakarta,Java Island,3,4,4,4,3,4,3,3,3,2,2,3,3,2,2,2,2,3,2,2,2,2,2,3,2,2
2920,16,Male,Jakarta,Java Island,1,1,1,1,1,1,1,1,1,1,1,1,1,1,1,1,1,1,1,1,1,1,1,1,1,1
2925,16,Male,Jakarta,Java Island,2,2,3,2,2,2,1,2,3,2,2,2,2,3,2,1,1,1,3,1,1,2,1,1,1,1
2926,17,Female,Jakarta,Java Island,4,3,3,3,3,3,3,3,3,2,2,3,2,2,2,1,3,1,3,1,1,1,1,1,1,1
2928,17,Female,Banten,Java Island,4,4,4,4,4,3,3,4,4,2,3,4,3,2,2,4,2,3,4,2,1,1,1,4,1,1
2930,15,Female,Jakarta,Java Island,4,4,3,3,2,2,3,3,3,3,1,3,1,1,2,3,2,2,3,2,1,2,1,2,1,1
2934,16,Female,Jakarta,Java Island,4,4,3,4,4,1,3,1,2,1,3,2,4,3,2,2,4,2,4,1,1,2,1,4,1,1
2938,16,Female,Banten,Java Island,3,3,3,3,3,3,2,1,3,2,2,2,3,2,2,1,1,1,3,1,1,1,1,1,1,1
2940,16,Female,Jakarta,Java Island,4,3,2,2,2,2,2,1,2,1,1,3,2,2,3,1,1,1,1,1,1,1,1,1,1,1
2941,16,Female,Jakarta,Java Island,3,3,4,3,3,3,2,2,3,2,2,3,4,2,2,2,2,4,4,2,1,2,2,2,2,1
2944,14,Female,Jakarta,Java Island,4,3,4,2,2,4,4,2,4,1,1,2,3,3,3,2,3,3,3,1,1,1,2,3,2,1
2947,16,Female,Jakarta,Java Island,3,3,3,3,3,3,3,3,4,3,3,3,3,3,2,2,2,3,3,2,1,1,2,3,4,2
2949,15,Female,Banten,Java Island,2,1,2,1,1,1,1,2,3,2,1,2,1,1,2,1,1,1,2,1,1,1,1,2,1,1
2950,15,Female,Jakarta,Java Island,4,3,3,3,3,3,3,3,3,2,2,3,2,3,3,3,3,2,2,2,2,3,2,3,2,2
2952,15,Female,Jakarta,Java Island,4,4,4,4,4,4,4,3,4,3,2,4,3,4,4,1,1,3,4,1,1,2,1,4,2,1
2953,14,Female,Jakarta,Java Island,3,4,4,4,3,3,3,2,3,2,2,4,3,3,3,3,2,1,3,2,2,1,2,3,1,1
2954,13,Female,Jakarta,Java Island,4,4,4,4,4,2,4,3,4,3,4,4,4,4,4,3,2,3,4,2,2,2,4,4,3,3
2957,16,Female,Jakarta,Java Island,3,3,3,3,2,3,3,1,3,1,1,2,2,1,1,1,2,1,1,1,1,1,1,1,1,1
2958,15,Female,Jakarta,Java Island,4,2,4,3,2,3,4,3,3,3,2,1,2,1,4,1,3,4,3,2,1,2,1,1,1,1
2960,14,Female,Jakarta,Java Island,4,4,4,4,3,3,4,2,3,2,1,3,4,4,3,3,4,2,3,3,1,2,1,3,2,1
2961,16,Female,Jakarta,Java Island,4,4,4,4,4,2,4,1,4,1,2,2,4,4,4,3,4,2,4,1,4,1,1,3,1,1
2963,14,Female,Jakarta,Java Island,4,4,4,4,4,3,4,2,1,1,3,3,3,4,4,1,1,2,3,1,1,1,1,3,1,1
2964,16,Female,Jakarta,Java Island,3,4,3,4,4,4,4,3,4,2,2,4,3,3,3,3,3,3,3,2,2,1,2,3,2,1
2965,15,Female,Jakarta,Java Island,4,4,4,4,2,3,4,3,4,4,2,2,4,3,3,1,2,3,4,2,1,3,1,1,1,1
2966,14,Female,Banten,Java Island,4,4,4,3,3,3,3,4,4,3,3,3,3,2,1,2,2,2,3,2,1,2,2,3,2,2
2971,15,Female,Jakarta,Java Island,4,3,4,4,3,3,3,3,2,3,3,3,3,4,4,2,2,3,4,3,1,1,2,3,2,1
2975,16,Female,Banten,Java Island,4,3,4,4,3,4,4,3,4,2,2,3,2,2,3,3,3,3,3,2,2,3,2,3,2,2
2978,15,Female,Jakarta,Java Island,3,3,3,3,2,3,3,1,2,1,1,2,1,2,2,1,3,1,3,1,1,1,1,1,1,1
2982,15,Female,Jakarta,Java Island,3,2,3,2,2,4,3,3,2,1,1,2,3,1,3,2,1,1,2,1,1,1,4,2,2,1
2990,14,Female,Jakarta,Java Island,4,3,4,3,3,2,4,3,4,1,1,3,1,1,1,2,1,2,4,2,1,1,1,2,1,1
2991,17,Female,Jakarta,Java Island,2,2,2,2,3,2,2,3,3,2,3,2,2,2,2,3,1,2,2,1,1,2,1,2,2,1
2992,15,Male,Jakarta,Java Island,4,4,4,4,3,4,4,3,3,2,1,2,3,3,2,2,1,1,4,1,1,1,3,3,2,3
3002,15,Female,Jakarta,Java Island,4,3,4,4,3,3,3,3,4,4,3,4,4,3,2,2,3,3,3,2,1,2,2,1,1,1
3007,15,Female,Jakarta,Java Island,3,2,3,3,3,3,3,2,2,2,2,3,2,2,2,2,2,2,3,2,1,1,1,1,1,1
3009,17,Female,Banten,Java Island,1,1,1,1,1,1,1,2,2,1,1,1,1,1,1,1,1,1,1,1,1,2,1,1,1,1
3010,16,Female,Jakarta,Java Island,4,3,3,3,3,3,3,3,2,2,2,2,2,2,2,2,2,3,3,1,1,1,1,3,1,1
3012,15,Female,Jakarta,Java Island,3,3,3,3,2,3,3,2,3,3,2,3,3,3,2,2,2,2,3,2,2,2,2,3,2,2
3013,13,Female,Jakarta,Java Island,4,4,4,4,3,3,3,3,3,2,2,2,3,3,3,2,2,2,2,2,1,2,2,3,1,1
3016,15,Female,Jakarta,Java Island,4,4,4,4,3,3,3,2,3,2,2,3,3,3,3,2,1,2,3,1,1,2,2,2,1,1
3019,14,Female,Jakarta,Java Island,4,4,4,4,4,4,4,4,3,4,4,4,4,4,4,4,2,3,4,4,2,2,2,3,2,2
3021,16,Male,Jakarta,Java Island,1,1,1,1,1,1,1,1,1,1,1,1,1,1,1,1,1,2,1,1,1,1,1,1,1,1
3022,15,Female,Jakarta,Java Island,3,3,4,3,3,2,4,3,3,2,2,4,2,3,3,2,2,4,3,1,2,3,3,4,2,2
3024,15,Female,Jakarta,Java Island,4,4,4,4,3,4,3,3,1,1,2,3,1,2,2,1,1,1,2,1,1,1,1,1,1,1
3025,16,Female,Banten,Java Island,4,4,4,4,3,4,4,2,3,1,2,2,2,1,3,2,1,1,1,1,1,3,4,2,1,1
3026,16,Female,Jakarta,Java Island,4,3,3,3,3,3,3,3,4,2,3,3,2,2,2,2,2,3,2,2,1,1,1,3,1,1
3027,15,Female,Jakarta,Java Island,3,2,3,3,3,2,1,2,3,2,2,1,1,2,3,2,3,1,2,1,1,3,1,3,1,1
3028,15,Female,Jakarta,Java Island,3,2,3,2,1,2,2,2,2,1,1,2,1,1,2,1,1,1,3,1,1,1,1,1,1,1
3029,15,Female,Banten,Java Island,3,3,3,3,3,2,3,3,3,2,1,3,4,2,2,2,2,2,3,2,1,2,1,2,2,1
3032,15,Female,Jakarta,Java Island,1,1,1,1,1,1,1,2,2,1,2,2,2,2,2,1,1,1,1,1,1,1,1,1,1,2
3033,15,Female,Jakarta,Java Island,3,3,3,3,3,3,3,2,3,1,1,1,1,1,1,1,2,1,1,1,2,1,1,3,1,1
3036,15,Female,Banten,Java Island,4,3,3,3,3,3,3,4,4,1,3,3,1,1,3,2,1,1,2,1,1,1,1,2,3,3
3040,16,Female,Jakarta,Java Island,3,3,3,3,4,3,3,4,2,2,3,4,2,2,3,3,2,3,3,2,1,1,1,4,2,3
3042,16,Female,Jakarta,Java Island,3,3,3,3,3,3,3,3,3,2,2,3,2,2,2,2,2,2,3,2,2,3,1,2,1,1
3044,15,Female,Jakarta,Java Island,3,3,3,3,2,2,2,2,3,2,1,3,2,2,2,2,1,1,2,1,1,1,1,1,1,1
3049,16,Female,Jakarta,Java Island,3,3,3,3,3,3,3,3,3,1,1,3,1,1,1,1,1,1,4,1,1,1,1,2,2,3
3050,16,Female,Jakarta,Java Island,4,4,4,4,4,4,4,3,4,3,4,4,2,3,2,3,4,4,4,3,1,1,1,2,1,1
3052,11,Female,Banten,Java Island,3,3,4,3,3,3,4,3,4,2,2,2,3,2,3,2,2,3,3,2,1,2,3,3,3,2
3058,16,Female,Jakarta,Java Island,3,2,4,4,3,3,2,2,1,1,1,4,1,2,4,4,2,3,3,4,1,2,2,3,1,1
3063,15,Female,Jakarta,Java Island,4,4,4,3,3,3,4,3,4,2,1,4,2,2,3,1,1,1,4,1,1,1,1,3,1,1
3064,15,Female,Jakarta,Java Island,4,3,4,3,3,3,3,3,4,3,2,3,3,3,3,2,2,2,4,1,2,2,2,3,2,2
3073,15,Female,Jakarta,Java Island,4,4,4,4,4,4,2,2,4,1,1,3,2,2,3,1,3,1,2,3,1,4,1,1,1,1
3075,16,Female,Jakarta,Java Island,3,3,3,1,1,1,1,1,1,1,1,1,1,1,1,1,1,1,1,1,1,1,1,1,1,1
3077,17,Female,Jakarta,Java Island,3,3,3,3,3,3,3,3,4,2,2,3,2,2,3,3,2,3,2,1,1,2,3,2,3,2
3078,17,Female,Banten,Java Island,3,2,2,3,3,3,1,2,1,1,1,1,3,2,2,1,4,1,2,1,1,1,1,1,1,1
3079,15,Female,Jakarta,Java Island,4,4,3,3,3,3,3,4,3,3,4,2,2,3,2,3,2,4,3,2,1,3,2,3,2,2
3080,17,Female,Banten,Java Island,4,3,4,4,3,3,3,4,4,4,3,4,3,4,4,3,2,3,3,2,2,1,2,3,2,2
3087,14,Female,Jakarta,Java Island,4,4,4,4,3,4,4,2,3,2,1,3,1,2,1,1,2,2,3,1,1,1,2,2,1,1
3095,16,Female,Jakarta,Java Island,4,1,4,2,2,2,3,2,3,2,1,2,2,1,1,1,1,1,2,1,1,1,2,1,1,1
3096,15,Female,Jakarta,Java Island,4,4,4,4,4,4,4,3,4,3,3,3,4,2,4,3,1,3,4,3,2,2,2,3,2,1
3098,17,Female,Banten,Java Island,4,3,4,4,3,4,3,3,4,2,3,2,3,3,2,3,4,4,3,2,2,2,1,3,1,1
3102,15,Female,Jakarta,Java Island,3,3,4,3,3,4,2,3,4,3,3,3,4,3,3,2,4,3,4,1,2,3,2,3,2,2
3107,17,Female,Banten,Java Island,4,4,4,4,3,3,3,3,4,2,3,2,3,3,2,2,2,3,4,2,1,3,1,2,1,3
3108,16,Female,Jakarta,Java Island,4,3,4,3,3,3,4,2,2,2,2,3,3,3,3,1,3,3,4,1,1,2,1,2,1,1
3115,17,Female,Banten,Java Island,4,4,4,4,4,4,4,3,2,2,3,3,4,4,4,2,3,1,4,1,1,1,1,1,1,1
3118,17,Female,Jakarta,Java Island,3,4,3,4,3,3,3,2,4,2,3,2,3,3,3,2,3,2,3,2,2,2,1,4,3,3
3122,16,Female,Jakarta,Java Island,3,3,3,3,3,3,3,2,4,3,2,3,2,2,2,1,2,2,3,1,1,1,1,2,1,1
3123,14,Female,Banten,Java Island,4,4,4,4,4,3,4,2,4,4,4,4,4,3,3,3,2,2,4,1,1,2,1,4,1,3
3125,15,Female,Jakarta,Java Island,3,3,3,3,2,3,3,2,2,2,2,3,2,2,1,2,2,3,2,1,2,1,1,2,2,1
3129,16,Female,Jakarta,Java Island,4,4,4,4,4,4,4,3,4,3,1,3,4,3,4,2,3,3,3,2,1,3,1,2,1,1
3140,13,Female,Jakarta,Java Island,3,2,2,2,1,3,3,2,2,1,1,2,1,1,3,1,1,3,1,1,1,1,1,1,1,1
3143,12,Female,Banten,Java Island,1,4,2,4,4,2,4,4,4,3,4,4,2,2,2,3,4,1,4,4,3,4,4,3,4,4
3151,16,Female,Banten,Java Island,3,3,3,3,3,3,3,3,4,3,3,3,3,2,3,1,1,2,3,1,1,1,2,2,1,1
3152,17,Female,Jakarta,Java Island,3,3,3,3,3,3,3,2,3,2,2,3,3,2,3,1,2,2,2,2,1,1,2,3,1,2
3153,17,Female,Banten,Java Island,3,3,3,4,4,3,3,2,4,3,2,3,3,3,3,2,2,2,4,2,1,2,3,1,1,1
3154,17,Female,Jakarta,Java Island,3,1,2,1,2,1,2,4,1,1,2,2,2,1,1,1,1,2,1,1,1,1,1,2,1,2
3155,17,Female,Jakarta,Java Island,3,3,3,3,3,3,3,2,3,2,2,3,2,2,2,2,2,2,3,1,1,2,2,2,2,2
3156,17,Female,Banten,Java Island,4,4,4,4,4,3,3,3,4,1,2,2,1,1,2,1,1,1,2,1,1,1,1,3,1,1
3159,17,Female,Banten,Java Island,3,4,4,4,3,4,4,3,4,3,2,3,4,4,4,3,3,2,4,2,2,1,2,3,2,2
3169,15,Female,Jakarta,Java Island,4,3,4,3,2,3,3,3,3,2,1,2,3,1,1,2,1,2,2,1,1,1,1,2,1,1
3172,16,Female,Banten,Java Island,4,4,4,3,3,3,3,3,3,2,2,3,3,2,3,2,2,3,3,2,2,2,2,3,2,2
3173,16,Female,Jakarta,Java Island,3,2,2,1,3,2,2,2,3,2,2,1,1,1,2,1,1,1,2,1,1,1,1,2,1,1
3178,14,Female,Banten,Java Island,4,3,3,4,2,3,4,2,3,2,1,3,3,1,2,1,1,2,3,2,1,2,2,2,2,1
3198,15,Female,Jakarta,Java Island,3,2,3,3,2,3,2,2,2,2,2,3,2,2,2,2,2,2,2,1,1,1,1,2,2,2
3206,14,Female,Banten,Java Island,4,4,4,4,3,4,4,2,4,3,1,2,1,1,4,2,1,1,2,3,1,1,3,1,1,1
3207,15,Female,Banten,Java Island,4,4,4,4,4,4,4,1,4,3,1,3,3,3,1,2,2,2,2,2,1,2,1,3,1,1
3208,13,Female,Jakarta,Java Island,2,3,2,3,3,1,2,3,4,2,2,3,3,3,3,2,4,4,3,3,1,2,3,3,2,1
3214,14,Female,Banten,Java Island,4,4,3,4,4,4,4,4,4,2,4,4,4,4,4,4,4,4,4,4,2,1,2,4,2,1
3215,16,Female,Banten,Java Island,3,3,4,3,2,3,3,2,3,2,3,2,2,3,2,2,3,2,4,2,1,3,1,3,2,1
3216,16,Female,Jakarta,Java Island,3,3,3,1,1,1,1,1,1,1,1,1,1,1,1,1,1,1,1,1,1,1,1,1,1,1
3217,16,Female,Jakarta,Java Island,3,3,2,4,3,2,1,2,2,1,1,3,1,1,1,1,1,1,1,1,1,1,1,1,1,1
3218,15,Female,Jakarta,Java Island,4,3,3,3,3,3,3,3,2,2,1,3,2,1,4,2,1,2,3,1,1,2,2,2,1,1
3223,14,Female,Jakarta,Java Island,1,1,1,1,1,1,1,1,2,1,1,1,1,1,1,1,1,1,1,1,1,1,1,1,1,1
